"Path","ID"
"E:\AntigravitiProgetti\CompendioTheWitcher\_tools\src-packs\BESTIARIO\MOSTRI\AMALGAMA_DI_CORPI_5b3a0eaa108c4e31.json","5b3a0eaa108c4e31"
"E:\AntigravitiProgetti\CompendioTheWitcher\_tools\src-packs\BESTIARIO\MOSTRI\Arachas_121e9ba4fc214734.json","121e9ba4fc214734"
"E:\AntigravitiProgetti\CompendioTheWitcher\_tools\src-packs\BESTIARIO\MOSTRI\Archeospora_b3f7102e8a56c9d4.json","b3f7102e8a56c9d4"
"E:\AntigravitiProgetti\CompendioTheWitcher\_tools\src-packs\BESTIARIO\MOSTRI\Armatura_Marionetta_ej64ssi8itsp2yyn.json","ej64ssi8itsp2yyn"
"E:\AntigravitiProgetti\CompendioTheWitcher\_tools\src-packs\BESTIARIO\MOSTRI\ARMATURA_VIVENTE_7989cf0e75c84ac4.json","7989cf0e75c84ac4"
"E:\AntigravitiProgetti\CompendioTheWitcher\_tools\src-packs\BESTIARIO\MOSTRI\Arpia_1e728fda490563cb.json","1e728fda490563cb"
"E:\AntigravitiProgetti\CompendioTheWitcher\_tools\src-packs\BESTIARIO\MOSTRI\Barbegazi_e8ad2614f03759cb.json","e8ad2614f03759cb"
"E:\AntigravitiProgetti\CompendioTheWitcher\_tools\src-packs\BESTIARIO\MOSTRI\Barghest_1873eda52b0c64f9.json","1873eda52b0c64f9"
"E:\AntigravitiProgetti\CompendioTheWitcher\_tools\src-packs\BESTIARIO\MOSTRI\Battiroccia_52f91a6ec3074bd8.json","52f91a6ec3074bd8"
"E:\AntigravitiProgetti\CompendioTheWitcher\_tools\src-packs\BESTIARIO\MOSTRI\Bestia_del_Lago_Tankred_djkuff55flas1ya3.json","djkuff55flas1ya3"
"E:\AntigravitiProgetti\CompendioTheWitcher\_tools\src-packs\BESTIARIO\MOSTRI\BES_7e2ac369b1344d85.json","7e2ac369b1344d85"
"E:\AntigravitiProgetti\CompendioTheWitcher\_tools\src-packs\BESTIARIO\MOSTRI\Botchling_e718b2094dc653fa.json","e718b2094dc653fa"
"E:\AntigravitiProgetti\CompendioTheWitcher\_tools\src-packs\BESTIARIO\MOSTRI\Bruxa_39f04128bca6d5e7.json","39f04128bca6d5e7"
"E:\AntigravitiProgetti\CompendioTheWitcher\_tools\src-packs\BESTIARIO\MOSTRI\Bullvore_a26b1940ed7c3f85.json","a26b1940ed7c3f85"
"E:\AntigravitiProgetti\CompendioTheWitcher\_tools\src-packs\BESTIARIO\MOSTRI\CASGLYDD_74369e6bcb144839.json","74369e6bcb144839"
"E:\AntigravitiProgetti\CompendioTheWitcher\_tools\src-packs\BESTIARIO\MOSTRI\Ciclope_a2894b75360efc1d.json","a2894b75360efc1d"
"E:\AntigravitiProgetti\CompendioTheWitcher\_tools\src-packs\BESTIARIO\MOSTRI\Cinghiale_9163caeb805d4f72.json","9163caeb805d4f72"
"E:\AntigravitiProgetti\CompendioTheWitcher\_tools\src-packs\BESTIARIO\MOSTRI\Cockatrice_345c27df89b0a6e1.json","345c27df89b0a6e1"
"E:\AntigravitiProgetti\CompendioTheWitcher\_tools\src-packs\BESTIARIO\MOSTRI\Demone_Putrefatto_0e418579b3fa26dc.json","0e418579b3fa26dc"
"E:\AntigravitiProgetti\CompendioTheWitcher\_tools\src-packs\BESTIARIO\MOSTRI\Demoni_95fff1bac8bd4592.json","95fff1bac8bd4592"
"E:\AntigravitiProgetti\CompendioTheWitcher\_tools\src-packs\BESTIARIO\MOSTRI\Drowner_9597d81f6d124efa.json","9597d81f6d124efa"
"E:\AntigravitiProgetti\CompendioTheWitcher\_tools\src-packs\BESTIARIO\MOSTRI\Elementale_di_Fuoco_0b1a8754f3c2e96d.json","0b1a8754f3c2e96d"
"E:\AntigravitiProgetti\CompendioTheWitcher\_tools\src-packs\BESTIARIO\MOSTRI\Elementale_di_Ghiaccio_b326af7c5e18490d.json","b326af7c5e18490d"
"E:\AntigravitiProgetti\CompendioTheWitcher\_tools\src-packs\BESTIARIO\MOSTRI\Elementale_di_Terra_279c64d03ebf1a85.json","279c64d03ebf1a85"
"E:\AntigravitiProgetti\CompendioTheWitcher\_tools\src-packs\BESTIARIO\MOSTRI\Endriaghe_73c3990b5b604c52.json","73c3990b5b604c52"
"E:\AntigravitiProgetti\CompendioTheWitcher\_tools\src-packs\BESTIARIO\MOSTRI\Fenice_395027d6cbea148f.json","395027d6cbea148f"
"E:\AntigravitiProgetti\CompendioTheWitcher\_tools\src-packs\BESTIARIO\MOSTRI\Foglet_02deb874c639fa51.json","02deb874c639fa51"
"E:\AntigravitiProgetti\CompendioTheWitcher\_tools\src-packs\BESTIARIO\MOSTRI\Frightener_4fb21c96538da7e0.json","4fb21c96538da7e0"
"E:\AntigravitiProgetti\CompendioTheWitcher\_tools\src-packs\BESTIARIO\MOSTRI\Garkain_e4d1b092f7c638a5.json","e4d1b092f7c638a5"
"E:\AntigravitiProgetti\CompendioTheWitcher\_tools\src-packs\BESTIARIO\MOSTRI\Ghoul_12a2486818104394.json","12a2486818104394"
"E:\AntigravitiProgetti\CompendioTheWitcher\_tools\src-packs\BESTIARIO\MOSTRI\Gigascorpione_ltd2z1f4qqmj8uj2.json","ltd2z1f4qqmj8uj2"
"E:\AntigravitiProgetti\CompendioTheWitcher\_tools\src-packs\BESTIARIO\MOSTRI\Godling_ea0b462d9f5871c3.json","ea0b462d9f5871c3"
"E:\AntigravitiProgetti\CompendioTheWitcher\_tools\src-packs\BESTIARIO\MOSTRI\Golem_3733a2e542bc4422.json","3733a2e542bc4422"
"E:\AntigravitiProgetti\CompendioTheWitcher\_tools\src-packs\BESTIARIO\MOSTRI\GRANDE_ORSO_428856c3bd17449e.json","428856c3bd17449e"
"E:\AntigravitiProgetti\CompendioTheWitcher\_tools\src-packs\BESTIARIO\MOSTRI\Grifoni_78ef677ff12f4842.json","78ef677ff12f4842"
"E:\AntigravitiProgetti\CompendioTheWitcher\_tools\src-packs\BESTIARIO\MOSTRI\Hym_1_os69cw31143304up.json","os69cw31143304up"
"E:\AntigravitiProgetti\CompendioTheWitcher\_tools\src-packs\BESTIARIO\MOSTRI\Hym_e5df03bc61479a82.json","e5df03bc61479a82"
"E:\AntigravitiProgetti\CompendioTheWitcher\_tools\src-packs\BESTIARIO\MOSTRI\Katakan_fbbeb3e855404782.json","fbbeb3e855404782"
"E:\AntigravitiProgetti\CompendioTheWitcher\_tools\src-packs\BESTIARIO\MOSTRI\La_Damigella_Circondata_di_Farfalle_6zydgx38hlwv089l.json","6zydgx38hlwv089l"
"E:\AntigravitiProgetti\CompendioTheWitcher\_tools\src-packs\BESTIARIO\MOSTRI\Leshen_d25be16a30987c4f.json","d25be16a30987c4f"
"E:\AntigravitiProgetti\CompendioTheWitcher\_tools\src-packs\BESTIARIO\MOSTRI\Lupi_e_Warg_d847c2fbfd02418a.json","d847c2fbfd02418a"
"E:\AntigravitiProgetti\CompendioTheWitcher\_tools\src-packs\BESTIARIO\MOSTRI\Lupi_Mannari_035913ab7f634834.json","035913ab7f634834"
"E:\AntigravitiProgetti\CompendioTheWitcher\_tools\src-packs\BESTIARIO\MOSTRI\Manticora_16b379d2c05e4f8a.json","16b379d2c05e4f8a"
"E:\AntigravitiProgetti\CompendioTheWitcher\_tools\src-packs\BESTIARIO\MOSTRI\MARI_LWYD_817df366a12d4597.json","817df366a12d4597"
"E:\AntigravitiProgetti\CompendioTheWitcher\_tools\src-packs\BESTIARIO\MOSTRI\Nekker_0d0ad6b62ee84666.json","0d0ad6b62ee84666"
"E:\AntigravitiProgetti\CompendioTheWitcher\_tools\src-packs\BESTIARIO\MOSTRI\Oritteropo_48nl1bqqfjmcjp4x.json","48nl1bqqfjmcjp4x"
"E:\AntigravitiProgetti\CompendioTheWitcher\_tools\src-packs\BESTIARIO\MOSTRI\Orso_5f2c01967d4a8be3.json","5f2c01967d4a8be3"
"E:\AntigravitiProgetti\CompendioTheWitcher\_tools\src-packs\BESTIARIO\MOSTRI\Pantera_1_zri7y1qjwy9znbuh.json","zri7y1qjwy9znbuh"
"E:\AntigravitiProgetti\CompendioTheWitcher\_tools\src-packs\BESTIARIO\MOSTRI\Pantera_b541e097ad83c2f6.json","b541e097ad83c2f6"
"E:\AntigravitiProgetti\CompendioTheWitcher\_tools\src-packs\BESTIARIO\MOSTRI\PENITENTE_a34ed9b7ba1f433d.json","a34ed9b7ba1f433d"
"E:\AntigravitiProgetti\CompendioTheWitcher\_tools\src-packs\BESTIARIO\MOSTRI\Pesta_463e78129a5b0dcf.json","463e78129a5b0dcf"
"E:\AntigravitiProgetti\CompendioTheWitcher\_tools\src-packs\BESTIARIO\MOSTRI\Plumard_d2b7c4a0398f6e15.json","d2b7c4a0398f6e15"
"E:\AntigravitiProgetti\CompendioTheWitcher\_tools\src-packs\BESTIARIO\MOSTRI\Scaltrocertola_31e65a29f7d048bc.json","31e65a29f7d048bc"
"E:\AntigravitiProgetti\CompendioTheWitcher\_tools\src-packs\BESTIARIO\MOSTRI\Scolopendra_Gigante_ea4189d5603b2c7f.json","ea4189d5603b2c7f"
"E:\AntigravitiProgetti\CompendioTheWitcher\_tools\src-packs\BESTIARIO\MOSTRI\Shaelmaar_c6f108bd53ae4729.json","c6f108bd53ae4729"
"E:\AntigravitiProgetti\CompendioTheWitcher\_tools\src-packs\BESTIARIO\MOSTRI\Silvano_Oberhasil_ss9sa7rtjgdc58bx.json","ss9sa7rtjgdc58bx"
"E:\AntigravitiProgetti\CompendioTheWitcher\_tools\src-packs\BESTIARIO\MOSTRI\Sirene_d56af36cf7084deb.json","d56af36cf7084deb"
"E:\AntigravitiProgetti\CompendioTheWitcher\_tools\src-packs\BESTIARIO\MOSTRI\Streghe_dei_Sepolcri_260905ff0083427c.json","260905ff0083427c"
"E:\AntigravitiProgetti\CompendioTheWitcher\_tools\src-packs\BESTIARIO\MOSTRI\Succube_&_Incubo_7ed094f23185bc6a.json","7ed094f23185bc6a"
"E:\AntigravitiProgetti\CompendioTheWitcher\_tools\src-packs\BESTIARIO\MOSTRI\Troll_48a5d21bf7c06e93.json","48a5d21bf7c06e93"
"E:\AntigravitiProgetti\CompendioTheWitcher\_tools\src-packs\BESTIARIO\MOSTRI\Troll_di_Mahakam_ea8evn05po9cbmz3.json","ea8evn05po9cbmz3"
"E:\AntigravitiProgetti\CompendioTheWitcher\_tools\src-packs\BESTIARIO\MOSTRI\Troll_di_Roccia_aad7dc7659774d5b.json","aad7dc7659774d5b"
"E:\AntigravitiProgetti\CompendioTheWitcher\_tools\src-packs\BESTIARIO\MOSTRI\Vampiro_Superiore_c6f1d0a29b3e8a47.json","c6f1d0a29b3e8a47"
"E:\AntigravitiProgetti\CompendioTheWitcher\_tools\src-packs\BESTIARIO\MOSTRI\Vendigo_e4a39bc56f780d12.json","e4a39bc56f780d12"
"E:\AntigravitiProgetti\CompendioTheWitcher\_tools\src-packs\BESTIARIO\MOSTRI\Vero_Drago_b3a1d9c72e4f0a6d.json","b3a1d9c72e4f0a6d"
"E:\AntigravitiProgetti\CompendioTheWitcher\_tools\src-packs\BESTIARIO\MOSTRI\Viverne_203eba78f51748a4.json","203eba78f51748a4"
"E:\AntigravitiProgetti\CompendioTheWitcher\_tools\src-packs\BESTIARIO\MOSTRI\Wraith_68e7591ef4dc408b.json","68e7591ef4dc408b"
"E:\AntigravitiProgetti\CompendioTheWitcher\_tools\src-packs\BESTIARIO\MOSTRI\Wraith_Diurni_f5a1fd3e32584e48.json","f5a1fd3e32584e48"
"E:\AntigravitiProgetti\CompendioTheWitcher\_tools\src-packs\BESTIARIO\PNG\Annegina_di_Maribor_i46gf8b48zwpnkn1.json","i46gf8b48zwpnkn1"
"E:\AntigravitiProgetti\CompendioTheWitcher\_tools\src-packs\BESTIARIO\PNG\Arcieri_Scoiatael_323194a9de7b4879.json","323194a9de7b4879"
"E:\AntigravitiProgetti\CompendioTheWitcher\_tools\src-packs\BESTIARIO\PNG\Artorius_Vigo_6172746f72697573.json","6172746f72697573"
"E:\AntigravitiProgetti\CompendioTheWitcher\_tools\src-packs\BESTIARIO\PNG\Banditi_0dc8836ecea5468a.json","0dc8836ecea5468a"
"E:\AntigravitiProgetti\CompendioTheWitcher\_tools\src-packs\BESTIARIO\PNG\Bronwyn_Occhiofino_62726f6e77796e6f.json","62726f6e77796e6f"
"E:\AntigravitiProgetti\CompendioTheWitcher\_tools\src-packs\BESTIARIO\PNG\Cadfan_di_Ebbing_63616466616e6562.json","63616466616e6562"
"E:\AntigravitiProgetti\CompendioTheWitcher\_tools\src-packs\BESTIARIO\PNG\Catrin_Preece_7onqxtnaj34e2k7j.json","7onqxtnaj34e2k7j"
"E:\AntigravitiProgetti\CompendioTheWitcher\_tools\src-packs\BESTIARIO\PNG\Clarisse_de_Claudine_hz6wiqgmnpp2043c.json","hz6wiqgmnpp2043c"
"E:\AntigravitiProgetti\CompendioTheWitcher\_tools\src-packs\BESTIARIO\PNG\Dandelion_Flagello_di_Draghi_l1ibpsdpaspcdzaq.json","l1ibpsdpaspcdzaq"
"E:\AntigravitiProgetti\CompendioTheWitcher\_tools\src-packs\BESTIARIO\PNG\Dormyn_di_Gemmera_646f726d796e6765.json","646f726d796e6765"
"E:\AntigravitiProgetti\CompendioTheWitcher\_tools\src-packs\BESTIARIO\PNG\Dorregaray_646f727265676172.json","646f727265676172"
"E:\AntigravitiProgetti\CompendioTheWitcher\_tools\src-packs\BESTIARIO\PNG\Drystan_6472797374616e6e.json","6472797374616e6e"
"E:\AntigravitiProgetti\CompendioTheWitcher\_tools\src-packs\BESTIARIO\PNG\Elgan_656c67616e766572.json","656c67616e766572"
"E:\AntigravitiProgetti\CompendioTheWitcher\_tools\src-packs\BESTIARIO\PNG\Francesca_Findabair_6672616e63657363.json","6672616e63657363"
"E:\AntigravitiProgetti\CompendioTheWitcher\_tools\src-packs\BESTIARIO\PNG\Francine_Marchand_ec4te28ge93kxzy1.json","ec4te28ge93kxzy1"
"E:\AntigravitiProgetti\CompendioTheWitcher\_tools\src-packs\BESTIARIO\PNG\Fringilla_Vigo_6672696e67696c6c.json","6672696e67696c6c"
"E:\AntigravitiProgetti\CompendioTheWitcher\_tools\src-packs\BESTIARIO\PNG\Geralt_di_Rivia_6e70635f67657261.json","6e70635f67657261"
"E:\AntigravitiProgetti\CompendioTheWitcher\_tools\src-packs\BESTIARIO\PNG\Iorveth_696f72766574685f.json","696f72766574685f"
"E:\AntigravitiProgetti\CompendioTheWitcher\_tools\src-packs\BESTIARIO\PNG\Istredd_697374726564645f.json","697374726564645f"
"E:\AntigravitiProgetti\CompendioTheWitcher\_tools\src-packs\BESTIARIO\PNG\Keira_Metz_6b656972616d6574.json","6b656972616d6574"
"E:\AntigravitiProgetti\CompendioTheWitcher\_tools\src-packs\BESTIARIO\PNG\Leblanc_de_Surmann_9ut1enl4es32hbp3.json","9ut1enl4es32hbp3"
"E:\AntigravitiProgetti\CompendioTheWitcher\_tools\src-packs\BESTIARIO\PNG\Letho_6c6574686f67756c.json","6c6574686f67756c"
"E:\AntigravitiProgetti\CompendioTheWitcher\_tools\src-packs\BESTIARIO\PNG\Louise_van_Adelaide_6twgeu3rswqm7r5j.json","6twgeu3rswqm7r5j"
"E:\AntigravitiProgetti\CompendioTheWitcher\_tools\src-packs\BESTIARIO\PNG\Margarita_Laux-Antille_6d61726761726974.json","6d61726761726974"
"E:\AntigravitiProgetti\CompendioTheWitcher\_tools\src-packs\BESTIARIO\PNG\Philippa_Eilhart_7068696c69707061.json","7068696c69707061"
"E:\AntigravitiProgetti\CompendioTheWitcher\_tools\src-packs\BESTIARIO\PNG\Ranuncolo_72616e756e636f6c.json","72616e756e636f6c"
"E:\AntigravitiProgetti\CompendioTheWitcher\_tools\src-packs\BESTIARIO\PNG\Sile_de_Tancarville_616466616e656263.json","616466616e656263"
"E:\AntigravitiProgetti\CompendioTheWitcher\_tools\src-packs\BESTIARIO\PNG\Strega_di_Rupe_della_Lince_ek27cw12crh41i1o.json","ek27cw12crh41i1o"
"E:\AntigravitiProgetti\CompendioTheWitcher\_tools\src-packs\BESTIARIO\PNG\Stregobor_73747265676f626f.json","73747265676f626f"
"E:\AntigravitiProgetti\CompendioTheWitcher\_tools\src-packs\BESTIARIO\PNG\Triss_7472697373616d65.json","7472697373616d65"
"E:\AntigravitiProgetti\CompendioTheWitcher\_tools\src-packs\BESTIARIO\PNG\Vernon_Roche_7665726e6f6e726f.json","7665726e6f6e726f"
"E:\AntigravitiProgetti\CompendioTheWitcher\_tools\src-packs\BESTIARIO\PNG\Xarthisius_7861727468697369.json","7861727468697369"
"E:\AntigravitiProgetti\CompendioTheWitcher\_tools\src-packs\BESTIARIO\PNG\Yennefer_di_Vengerberg_79656e6e65666572.json","79656e6e65666572"
"E:\AntigravitiProgetti\CompendioTheWitcher\_tools\src-packs\BESTIARIO\PNG\Zoltan_6a6f6c74616e6368.json","7a6f6c74616e6368"
"E:\AntigravitiProgetti\CompendioTheWitcher\_tools\src-packs\CORE\witcher-professions\armigero.json","0profmanatarms01"
"E:\AntigravitiProgetti\CompendioTheWitcher\_tools\src-packs\CORE\witcher-professions\artigiano.json","profcraftsman001"
"E:\AntigravitiProgetti\CompendioTheWitcher\_tools\src-packs\CORE\witcher-professions\bardo.json","profbard00000001"
"E:\AntigravitiProgetti\CompendioTheWitcher\_tools\src-packs\CORE\witcher-professions\criminale.json","profcriminal0001"
"E:\AntigravitiProgetti\CompendioTheWitcher\_tools\src-packs\CORE\witcher-professions\druido.json","rofdruid00000001"
"E:\AntigravitiProgetti\CompendioTheWitcher\_tools\src-packs\CORE\witcher-professions\mago.json","profmage00000001"
"E:\AntigravitiProgetti\CompendioTheWitcher\_tools\src-packs\CORE\witcher-professions\medico.json","rofdoctor0000001"
"E:\AntigravitiProgetti\CompendioTheWitcher\_tools\src-packs\CORE\witcher-professions\mercante.json","profmerch0000001"
"E:\AntigravitiProgetti\CompendioTheWitcher\_tools\src-packs\CORE\witcher-professions\prete.json","ofpriest00000001"
"E:\AntigravitiProgetti\CompendioTheWitcher\_tools\src-packs\CORE\witcher-professions\Witcher.json","profwitcher000001"
"E:\AntigravitiProgetti\CompendioTheWitcher\_tools\src-packs\CORE\witcher-races\bobolak.json","racebobolak00001"
"E:\AntigravitiProgetti\CompendioTheWitcher\_tools\src-packs\CORE\witcher-races\elfi.json","0raceelf00000001"
"E:\AntigravitiProgetti\CompendioTheWitcher\_tools\src-packs\CORE\witcher-races\gnomi.json","racegnome0000001"
"E:\AntigravitiProgetti\CompendioTheWitcher\_tools\src-packs\CORE\witcher-races\nani.json","racedwarf0000001"
"E:\AntigravitiProgetti\CompendioTheWitcher\_tools\src-packs\CORE\witcher-races\umani.json","racehuman0000001"
"E:\AntigravitiProgetti\CompendioTheWitcher\_tools\src-packs\CORE\witcher-races\vran.json","racevran00000001"
"E:\AntigravitiProgetti\CompendioTheWitcher\_tools\src-packs\CORE\witcher-races\witcher_race.json","racewitcher00001"
"E:\AntigravitiProgetti\CompendioTheWitcher\_tools\src-packs\CORE\witcher-skills\affari_5f8be6c95d19d184.json","5f8be6c95d19d184"
"E:\AntigravitiProgetti\CompendioTheWitcher\_tools\src-packs\CORE\witcher-skills\alchimia_450700c2423377dc.json","450700c2423377dc"
"E:\AntigravitiProgetti\CompendioTheWitcher\_tools\src-packs\CORE\witcher-skills\alchimia_980a449e9a677fc9.json","980a449e9a677fc9"
"E:\AntigravitiProgetti\CompendioTheWitcher\_tools\src-packs\CORE\witcher-skills\artigianato_c64070fc0d72f10b.json","c64070fc0d72f10b"
"E:\AntigravitiProgetti\CompendioTheWitcher\_tools\src-packs\CORE\witcher-skills\artigianato_d2a0fdc55b892b70.json","d2a0fdc55b892b70"
"E:\AntigravitiProgetti\CompendioTheWitcher\_tools\src-packs\CORE\witcher-skills\asta_lancia_4569adf6da4cd78c.json","4569adf6da4cd78c"
"E:\AntigravitiProgetti\CompendioTheWitcher\_tools\src-packs\CORE\witcher-skills\atletica_ea0d9de2d94c7ae7.json","ea0d9de2d94c7ae7"
"E:\AntigravitiProgetti\CompendioTheWitcher\_tools\src-packs\CORE\witcher-skills\balestra_3dafd1145ae258d4.json","3dafd1145ae258d4"
"E:\AntigravitiProgetti\CompendioTheWitcher\_tools\src-packs\CORE\witcher-skills\belle_arti_c53a243e4a215262.json","c53a243e4a215262"
"E:\AntigravitiProgetti\CompendioTheWitcher\_tools\src-packs\CORE\witcher-skills\benedizioni_b4c5d6e7f8a9b0c1.json","b4c5d6e7f8a9b0c1"
"E:\AntigravitiProgetti\CompendioTheWitcher\_tools\src-packs\CORE\witcher-skills\b_sacro_c4d5e6f7a8b9c0d1.json","c4d5e6f7a8b9c0d1"
"E:\AntigravitiProgetti\CompendioTheWitcher\_tools\src-packs\CORE\witcher-skills\camuffamento_3a027964177ebfb2.json","3a027964177ebfb2"
"E:\AntigravitiProgetti\CompendioTheWitcher\_tools\src-packs\CORE\witcher-skills\camuffamento_42cf5ee579036a15.json","42cf5ee579036a15"
"E:\AntigravitiProgetti\CompendioTheWitcher\_tools\src-packs\CORE\witcher-skills\carisma_0bbaaa3a81520262.json","0bbaaa3a81520262"
"E:\AntigravitiProgetti\CompendioTheWitcher\_tools\src-packs\CORE\witcher-skills\conoscenza_mostri_fb419ebc522bdec9.json","fb419ebc522bdec9"
"E:\AntigravitiProgetti\CompendioTheWitcher\_tools\src-packs\CORE\witcher-skills\consapevolezza_73c79deb0ee6329a.json","73c79deb0ee6329a"
"E:\AntigravitiProgetti\CompendioTheWitcher\_tools\src-packs\CORE\witcher-skills\contraffazione_eaa35432d5329a08.json","eaa35432d5329a08"
"E:\AntigravitiProgetti\CompendioTheWitcher\_tools\src-packs\CORE\witcher-skills\coraggio_7ebdf43554dc6aa3.json","7ebdf43554dc6aa3"
"E:\AntigravitiProgetti\CompendioTheWitcher\_tools\src-packs\CORE\witcher-skills\creare_rituali_f8cd878e2f47c613.json","f8cd878e2f47c613"
"E:\AntigravitiProgetti\CompendioTheWitcher\_tools\src-packs\CORE\witcher-skills\creare_trappole_84e1b21239c0966a.json","84e1b21239c0966a"
"E:\AntigravitiProgetti\CompendioTheWitcher\_tools\src-packs\CORE\witcher-skills\cura_e_stile_620f203ff79edc3b.json","620f203ff79edc3b"
"E:\AntigravitiProgetti\CompendioTheWitcher\_tools\src-packs\CORE\witcher-skills\c_sapere_b2c3d4e5f6a7b8c9.json","b2c3d4e5f6a7b8c9"
"E:\AntigravitiProgetti\CompendioTheWitcher\_tools\src-packs\CORE\witcher-skills\deduzione_bdc543342cfc257f.json","bdc543342cfc257f"
"E:\AntigravitiProgetti\CompendioTheWitcher\_tools\src-packs\CORE\witcher-skills\equitazione_f961f259b5a0fb56.json","f961f259b5a0fb56"
"E:\AntigravitiProgetti\CompendioTheWitcher\_tools\src-packs\CORE\witcher-skills\etichetta_sociale_bce439c2946e0caa.json","bce439c2946e0caa"
"E:\AntigravitiProgetti\CompendioTheWitcher\_tools\src-packs\CORE\witcher-skills\fabbricare_trappole_811f06949c0e223b.json","811f06949c0e223b"
"E:\AntigravitiProgetti\CompendioTheWitcher\_tools\src-packs\CORE\witcher-skills\falsificare_070c79e701918341.json","070c79e701918341"
"E:\AntigravitiProgetti\CompendioTheWitcher\_tools\src-packs\CORE\witcher-skills\fervore_a6b7c8d9e0f1a2b3.json","a6b7c8d9e0f1a2b3"
"E:\AntigravitiProgetti\CompendioTheWitcher\_tools\src-packs\CORE\witcher-skills\f_bestiale_b0c1d2e3f4a5b6c7.json","b0c1d2e3f4a5b6c7"
"E:\AntigravitiProgetti\CompendioTheWitcher\_tools\src-packs\CORE\witcher-skills\gioco_d_azzardo_12fe74d0e5001799.json","12fe74d0e5001799"
"E:\AntigravitiProgetti\CompendioTheWitcher\_tools\src-packs\CORE\witcher-skills\g_bestie_d0e1f2a3b4c5d6e7.json","d0e1f2a3b4c5d6e7"
"E:\AntigravitiProgetti\CompendioTheWitcher\_tools\src-packs\CORE\witcher-skills\g_bosco_f6a7b8c9d0e1f2a3.json","f6a7b8c9d0e1f2a3"
"E:\AntigravitiProgetti\CompendioTheWitcher\_tools\src-packs\CORE\witcher-skills\inganno_30d435cba4c349b9.json","30d435cba4c349b9"
"E:\AntigravitiProgetti\CompendioTheWitcher\_tools\src-packs\CORE\witcher-skills\insegnare_3199364ee5d4c7c6.json","3199364ee5d4c7c6"
"E:\AntigravitiProgetti\CompendioTheWitcher\_tools\src-packs\CORE\witcher-skills\intimidazione_e76878dc8c48e71c.json","e76878dc8c48e71c"
"E:\AntigravitiProgetti\CompendioTheWitcher\_tools\src-packs\CORE\witcher-skills\istruzione_cae834ce33219427.json","cae834ce33219427"
"E:\AntigravitiProgetti\CompendioTheWitcher\_tools\src-packs\CORE\witcher-skills\lame_piccole_cab8e29ce1231d1c.json","cab8e29ce1231d1c"
"E:\AntigravitiProgetti\CompendioTheWitcher\_tools\src-packs\CORE\witcher-skills\lanciare_incantesimi_62d40cb8b56d14af.json","62d40cb8b56d14af"
"E:\AntigravitiProgetti\CompendioTheWitcher\_tools\src-packs\CORE\witcher-skills\lingua_antica_d5e513cfba00d5d5.json","d5e513cfba00d5d5"
"E:\AntigravitiProgetti\CompendioTheWitcher\_tools\src-packs\CORE\witcher-skills\lingua_comune_2574c290a64b4e31.json","2574c290a64b4e31"
"E:\AntigravitiProgetti\CompendioTheWitcher\_tools\src-packs\CORE\witcher-skills\lingua_nanica_158766ff2e804669.json","158766ff2e804669"
"E:\AntigravitiProgetti\CompendioTheWitcher\_tools\src-packs\CORE\witcher-skills\l_natura_f8a9b0c1d2e3f4a5.json","f8a9b0c1d2e3f4a5"
"E:\AntigravitiProgetti\CompendioTheWitcher\_tools\src-packs\CORE\witcher-skills\mischia_9985644d9354a4d0.json","9985644d9354a4d0"
"E:\AntigravitiProgetti\CompendioTheWitcher\_tools\src-packs\CORE\witcher-skills\mistagogo_b1c2d3e4f5a6b7c8.json","b1c2d3e4f5a6b7c8"
"E:\AntigravitiProgetti\CompendioTheWitcher\_tools\src-packs\CORE\witcher-skills\m_culto_c0d1e2f3a4b5c6d7.json","c0d1e2f3a4b5c6d7"
"E:\AntigravitiProgetti\CompendioTheWitcher\_tools\src-packs\CORE\witcher-skills\navigazione_d40561485e4f1ad1.json","d40561485e4f1ad1"
"E:\AntigravitiProgetti\CompendioTheWitcher\_tools\src-packs\CORE\witcher-skills\percezione_umana_d9c91689d82daf96.json","d9c91689d82daf96"
"E:\AntigravitiProgetti\CompendioTheWitcher\_tools\src-packs\CORE\witcher-skills\persuasione_7629510c05d21936.json","7629510c05d21936"
"E:\AntigravitiProgetti\CompendioTheWitcher\_tools\src-packs\CORE\witcher-skills\prestigiditazione_8edaff803df41fb4.json","8edaff803df41fb4"
"E:\AntigravitiProgetti\CompendioTheWitcher\_tools\src-packs\CORE\witcher-skills\preveggenza_d2e3f4a5b6c7d8e9.json","d2e3f4a5b6c7d8e9"
"E:\AntigravitiProgetti\CompendioTheWitcher\_tools\src-packs\CORE\witcher-skills\pronto_soccorso_120ca2cb658c1f01.json","120ca2cb658c1f01"
"E:\AntigravitiProgetti\CompendioTheWitcher\_tools\src-packs\CORE\witcher-skills\pronto_soccorso_f8e91708b8ae614d.json","f8e91708b8ae614d"
"E:\AntigravitiProgetti\CompendioTheWitcher\_tools\src-packs\CORE\witcher-skills\p_animale_d8e9f0a1b2c3d4e5.json","d8e9f0a1b2c3d4e5"
"E:\AntigravitiProgetti\CompendioTheWitcher\_tools\src-packs\CORE\witcher-skills\p_dei_1a2b3c4d5e6f7a8b.json","1a2b3c4d5e6f7a8b"
"E:\AntigravitiProgetti\CompendioTheWitcher\_tools\src-packs\CORE\witcher-skills\p_dio_f0a1b2c3d4e5f6a7.json","f0a1b2c3d4e5f6a7"
"E:\AntigravitiProgetti\CompendioTheWitcher\_tools\src-packs\CORE\witcher-skills\p_divino_d4e5f6a7b8c9d0e1.json","d4e5f6a7b8c9d0e1"
"E:\AntigravitiProgetti\CompendioTheWitcher\_tools\src-packs\CORE\witcher-skills\recitazione_cb6eec2da16f2934.json","cb6eec2da16f2934"
"E:\AntigravitiProgetti\CompendioTheWitcher\_tools\src-packs\CORE\witcher-skills\resistenza_0b9c99bed937928b.json","0b9c99bed937928b"
"E:\AntigravitiProgetti\CompendioTheWitcher\_tools\src-packs\CORE\witcher-skills\resistere_alla_coercizione_72d412e20c59fda5.json","72d412e20c59fda5"
"E:\AntigravitiProgetti\CompendioTheWitcher\_tools\src-packs\CORE\witcher-skills\resistere_alla_magia_80a7bfb7b88c0f03.json","80a7bfb7b88c0f03"
"E:\AntigravitiProgetti\CompendioTheWitcher\_tools\src-packs\CORE\witcher-skills\rissa_bc857c992af634f2.json","bc857c992af634f2"
"E:\AntigravitiProgetti\CompendioTheWitcher\_tools\src-packs\CORE\witcher-skills\r_quercia_c8d9e0f1a2b3c4d5.json","c8d9e0f1a2b3c4d5"
"E:\AntigravitiProgetti\CompendioTheWitcher\_tools\src-packs\CORE\witcher-skills\r_sangue_f2a3b4c5d6e7f8a9.json","f2a3b4c5d6e7f8a9"
"E:\AntigravitiProgetti\CompendioTheWitcher\_tools\src-packs\CORE\witcher-skills\scassinare_1d2757279313ea51.json","1d2757279313ea51"
"E:\AntigravitiProgetti\CompendioTheWitcher\_tools\src-packs\CORE\witcher-skills\scassinare_4179fd70ce28a4c6.json","4179fd70ce28a4c6"
"E:\AntigravitiProgetti\CompendioTheWitcher\_tools\src-packs\CORE\witcher-skills\scherma_b9e523e73d6c5c20.json","b9e523e73d6c5c20"
"E:\AntigravitiProgetti\CompendioTheWitcher\_tools\src-packs\CORE\witcher-skills\schivare_fuggire_8d6dadda304af038.json","8d6dadda304af038"
"E:\AntigravitiProgetti\CompendioTheWitcher\_tools\src-packs\CORE\witcher-skills\seduzione_0813e7896818fe7a.json","0813e7896818fe7a"
"E:\AntigravitiProgetti\CompendioTheWitcher\_tools\src-packs\CORE\witcher-skills\sopravvivenza_0a18ae46767fd5fb.json","0a18ae46767fd5fb"
"E:\AntigravitiProgetti\CompendioTheWitcher\_tools\src-packs\CORE\witcher-skills\sovranita_e8f9a0b1c2d3e4f5.json","e8f9a0b1c2d3e4f5"
"E:\AntigravitiProgetti\CompendioTheWitcher\_tools\src-packs\CORE\witcher-skills\s_natura_a4b5c6d7e8f9a0b1.json","a4b5c6d7e8f9a0b1"
"E:\AntigravitiProgetti\CompendioTheWitcher\_tools\src-packs\CORE\witcher-skills\s_ossa_e6f7a8b9c0d1e2f3.json","e6f7a8b9c0d1e2f3"
"E:\AntigravitiProgetti\CompendioTheWitcher\_tools\src-packs\CORE\witcher-skills\tattica_3f60b7f63590d334.json","3f60b7f63590d334"
"E:\AntigravitiProgetti\CompendioTheWitcher\_tools\src-packs\CORE\witcher-skills\tessere_fatture_da4e797c1ed17316.json","da4e797c1ed17316"
"E:\AntigravitiProgetti\CompendioTheWitcher\_tools\src-packs\CORE\witcher-skills\tiro_con_l_arco_7649b4cf0388b8eb.json","7649b4cf0388b8eb"
"E:\AntigravitiProgetti\CompendioTheWitcher\_tools\src-packs\CORE\witcher-skills\vita_di_strada_eb7e06c22f82a6ca.json","eb7e06c22f82a6ca"
"E:\AntigravitiProgetti\CompendioTheWitcher\_tools\src-packs\CRAFTING\diario\witcher-components-diario\Carapace_di_Cockatrice.json","9e8d7c6b5a43210f"
"E:\AntigravitiProgetti\CompendioTheWitcher\_tools\src-packs\CRAFTING\diario\witcher-components-diario\Ceneri_di_Fenice.json","2f1e0d9c8b7a6543"
"E:\AntigravitiProgetti\CompendioTheWitcher\_tools\src-packs\CRAFTING\diario\witcher-components-diario\Cervello_di_Botchling.json","8a7b6c5d4e3f2019"
"E:\AntigravitiProgetti\CompendioTheWitcher\_tools\src-packs\CRAFTING\diario\witcher-components-diario\Corna_di_Manticora.json","1f0e9d8c7b6a5432"
"E:\AntigravitiProgetti\CompendioTheWitcher\_tools\src-packs\CRAFTING\diario\witcher-components-diario\Cuore_di_Vendigo.json","5d4c3b2a10987654"
"E:\AntigravitiProgetti\CompendioTheWitcher\_tools\src-packs\CRAFTING\diario\witcher-components-diario\Essenza_Cristallizzata.json","8d7c6b5a43210f9e"
"E:\AntigravitiProgetti\CompendioTheWitcher\_tools\src-packs\CRAFTING\diario\witcher-components-diario\Linfa_di_Abominio.json","7c6b5a43210f9e8d"
"E:\AntigravitiProgetti\CompendioTheWitcher\_tools\src-packs\CRAFTING\diario\witcher-components-diario\Orecchio_di_Botchling.json","7ed94f0b2a3c81e6"
"E:\AntigravitiProgetti\CompendioTheWitcher\_tools\src-packs\CRAFTING\diario\witcher-components-diario\Pelliccia_di_Vendigo.json","4e3d2c1b0a987654"
"E:\AntigravitiProgetti\CompendioTheWitcher\_tools\src-packs\CRAFTING\diario\witcher-components-diario\Pietra_Elementale.json","6b5a43210f9e8d7c"
"E:\AntigravitiProgetti\CompendioTheWitcher\_tools\src-packs\CRAFTING\diario\witcher-components-diario\Piume_della_Coda_di_Cockatrice.json","3f2e1d0c9b8a7654"
"E:\AntigravitiProgetti\CompendioTheWitcher\_tools\src-packs\CRAFTING\diario\witcher-components-diario\Sangue_di_Botchling.json","6f5e4d3c2b1a0987"
"E:\AntigravitiProgetti\CompendioTheWitcher\_tools\src-packs\CRAFTING\diario\witcher-components-diario\Succo_di_Archeospora.json","a2f7c0b8e9d14635"
"E:\AntigravitiProgetti\CompendioTheWitcher\_tools\src-packs\CRAFTING\diario\witcher-components-diario\Viticci_di_Archeospora.json","91e3d2a0b4c8f576"
"E:\AntigravitiProgetti\CompendioTheWitcher\_tools\src-packs\CRAFTING\diario\witcher-components-diario\Zanne_di_Vampiro_Superiore.json","0f9e8d7c6b5a4321"
"E:\AntigravitiProgetti\CompendioTheWitcher\_tools\src-packs\CRAFTING\racconti\witcher-components-racconti\Corna_di_Silvano.json","636f6d706c7230303033"
"E:\AntigravitiProgetti\CompendioTheWitcher\_tools\src-packs\CRAFTING\racconti\witcher-components-racconti\Essenza_della_Morte.json","636f6d706c7230303032"
"E:\AntigravitiProgetti\CompendioTheWitcher\_tools\src-packs\CRAFTING\racconti\witcher-components-racconti\Polvere_di_Smeraldo.json","636f6d706c7230303031"
"E:\AntigravitiProgetti\CompendioTheWitcher\_tools\src-packs\CRAFTING\racconti\witcher-schematics-racconti\Schema_Balestra_da_Caccia.json","6c72736368656d3031"
"E:\AntigravitiProgetti\CompendioTheWitcher\_tools\src-packs\CRAFTING\racconti\witcher-schematics-racconti\Schema_Flamberga.json","6c72736368656d3032"
"E:\AntigravitiProgetti\CompendioTheWitcher\_tools\src-packs\CRAFTING\racconti\witcher-schematics-racconti\Schema_Lama_Viroledana.json","6c72736368656d3033"
"E:\AntigravitiProgetti\CompendioTheWitcher\_tools\src-packs\CRAFTING\racconti\witcher-schematics-racconti\Schema_Lancia_da_Guerra.json","6c72736368656d3034"
"E:\AntigravitiProgetti\CompendioTheWitcher\_tools\src-packs\CRAFTING\racconti\witcher-schematics-racconti\Schema_Lancia_Smussata.json","6c72736368656d3035"
"E:\AntigravitiProgetti\CompendioTheWitcher\_tools\src-packs\CRAFTING\racconti\witcher-schematics-racconti\Schema_Maglio_del_Contadino.json","6c72736368656d3036"
"E:\AntigravitiProgetti\CompendioTheWitcher\_tools\src-packs\CRAFTING\racconti\witcher-schematics-racconti\Schema_Martello_da_Cavaliere.json","6c72736368656d3037"
"E:\AntigravitiProgetti\CompendioTheWitcher\_tools\src-packs\CRAFTING\racconti\witcher-schematics-racconti\Schema_Partigiana.json","6c72736368656d3038"
"E:\AntigravitiProgetti\CompendioTheWitcher\_tools\src-packs\CRAFTING\racconti\witcher-schematics-racconti\Schema_Spada_Ducale.json","6c72736368656d3039"
"E:\AntigravitiProgetti\CompendioTheWitcher\_tools\src-packs\CRAFTING\witcher-alchemy\Aconito_52dae8c18c5ae10f.json","52dae8c18c5ae10f"
"E:\AntigravitiProgetti\CompendioTheWitcher\_tools\src-packs\CRAFTING\witcher-alchemy\Aconito_b22895f03c8540ae.json","b22895f03c8540ae"
"E:\AntigravitiProgetti\CompendioTheWitcher\_tools\src-packs\CRAFTING\witcher-alchemy\Acqua_Ducale_518ca088549a6cb3.json","518ca088549a6cb3"
"E:\AntigravitiProgetti\CompendioTheWitcher\_tools\src-packs\CRAFTING\witcher-alchemy\Acqua_Ducale_d6317e88f3e04d80.json","d6317e88f3e04d80"
"E:\AntigravitiProgetti\CompendioTheWitcher\_tools\src-packs\CRAFTING\witcher-alchemy\Allucinogeno_a0ab73529a76e3be.json","a0ab73529a76e3be"
"E:\AntigravitiProgetti\CompendioTheWitcher\_tools\src-packs\CRAFTING\witcher-alchemy\Allucinogeno_dbec74e9aaa74f15.json","dbec74e9aaa74f15"
"E:\AntigravitiProgetti\CompendioTheWitcher\_tools\src-packs\CRAFTING\witcher-alchemy\Aloe_del_Lupo_8b6fae5f43fe90c6.json","8b6fae5f43fe90c6"
"E:\AntigravitiProgetti\CompendioTheWitcher\_tools\src-packs\CRAFTING\witcher-alchemy\Aloe_del_Lupo_ff7282dc833d4f7d.json","ff7282dc833d4f7d"
"E:\AntigravitiProgetti\CompendioTheWitcher\_tools\src-packs\CRAFTING\witcher-alchemy\Amico_dellAvvelenatore_8d84fe6e6c7b4810.json","8d84fe6e6c7b4810"
"E:\AntigravitiProgetti\CompendioTheWitcher\_tools\src-packs\CRAFTING\witcher-alchemy\Amico_dellAvvelenatore_8e0f7b69e906a7fa.json","8e0f7b69e906a7fa"
"E:\AntigravitiProgetti\CompendioTheWitcher\_tools\src-packs\CRAFTING\witcher-alchemy\Artiglio_di_Ghoul_59e9e729971f475f.json","59e9e729971f475f"
"E:\AntigravitiProgetti\CompendioTheWitcher\_tools\src-packs\CRAFTING\witcher-alchemy\Artiglio_di_Ghoul_beca058e3488a1c3.json","beca058e3488a1c3"
"E:\AntigravitiProgetti\CompendioTheWitcher\_tools\src-packs\CRAFTING\witcher-alchemy\Artiglio_di_Nekker_873ad0163edb483b.json","873ad0163edb483b"
"E:\AntigravitiProgetti\CompendioTheWitcher\_tools\src-packs\CRAFTING\witcher-alchemy\Artiglio_di_Nekker_c8e4c863189a8136.json","c8e4c863189a8136"
"E:\AntigravitiProgetti\CompendioTheWitcher\_tools\src-packs\CRAFTING\witcher-alchemy\Brionia_6949699e7a844a9b.json","6949699e7a844a9b"
"E:\AntigravitiProgetti\CompendioTheWitcher\_tools\src-packs\CRAFTING\witcher-alchemy\Brionia_7dfa6daef06adc1c.json","7dfa6daef06adc1c"
"E:\AntigravitiProgetti\CompendioTheWitcher\_tools\src-packs\CRAFTING\witcher-alchemy\Calcium_Equum_0c0b4e39ed31484c.json","0c0b4e39ed31484c"
"E:\AntigravitiProgetti\CompendioTheWitcher\_tools\src-packs\CRAFTING\witcher-alchemy\Calcium_Equum_31680d765216a4af.json","31680d765216a4af"
"E:\AntigravitiProgetti\CompendioTheWitcher\_tools\src-packs\CRAFTING\witcher-alchemy\Caprifoglio_37a56174c0134d6b.json","37a56174c0134d6b"
"E:\AntigravitiProgetti\CompendioTheWitcher\_tools\src-packs\CRAFTING\witcher-alchemy\Caprifoglio_823eaf1cd8d9c2c4.json","823eaf1cd8d9c2c4"
"E:\AntigravitiProgetti\CompendioTheWitcher\_tools\src-packs\CRAFTING\witcher-alchemy\Celidonia_3c70bc00e6cf4988.json","3c70bc00e6cf4988"
"E:\AntigravitiProgetti\CompendioTheWitcher\_tools\src-packs\CRAFTING\witcher-alchemy\Celidonia_dd6a098153c90d21.json","dd6a098153c90d21"
"E:\AntigravitiProgetti\CompendioTheWitcher\_tools\src-packs\CRAFTING\witcher-alchemy\Cervello_di_drowner_36702571899a51d8.json","36702571899a51d8"
"E:\AntigravitiProgetti\CompendioTheWitcher\_tools\src-packs\CRAFTING\witcher-alchemy\Cervello_di_drowner_668a5ffbf76f4ad4.json","668a5ffbf76f4ad4"
"E:\AntigravitiProgetti\CompendioTheWitcher\_tools\src-packs\CRAFTING\witcher-alchemy\Chitina_6eafeb60d0901c64.json","6eafeb60d0901c64"
"E:\AntigravitiProgetti\CompendioTheWitcher\_tools\src-packs\CRAFTING\witcher-alchemy\Chitina_c32a8d4d38774434.json","c32a8d4d38774434"
"E:\AntigravitiProgetti\CompendioTheWitcher\_tools\src-packs\CRAFTING\witcher-alchemy\Cloroformio_5de5da2b91d74ab9.json","5de5da2b91d74ab9"
"E:\AntigravitiProgetti\CompendioTheWitcher\_tools\src-packs\CRAFTING\witcher-alchemy\Cloroformio_cc2473566a52a29e.json","cc2473566a52a29e"
"E:\AntigravitiProgetti\CompendioTheWitcher\_tools\src-packs\CRAFTING\witcher-alchemy\Colla_502bd38183f24f6a.json","502bd38183f24f6a"
"E:\AntigravitiProgetti\CompendioTheWitcher\_tools\src-packs\CRAFTING\witcher-alchemy\Colla_Alchemica_a326940a6776f35c.json","a326940a6776f35c"
"E:\AntigravitiProgetti\CompendioTheWitcher\_tools\src-packs\CRAFTING\witcher-alchemy\Corde_Vocali_di_Sirena_772c6d7f83da016e.json","772c6d7f83da016e"
"E:\AntigravitiProgetti\CompendioTheWitcher\_tools\src-packs\CRAFTING\witcher-alchemy\Corde_Vocali_di_Sirena_a8909ece65144d0b.json","a8909ece65144d0b"
"E:\AntigravitiProgetti\CompendioTheWitcher\_tools\src-packs\CRAFTING\witcher-alchemy\Cortinarius_2811712f40e74c49.json","2811712f40e74c49"
"E:\AntigravitiProgetti\CompendioTheWitcher\_tools\src-packs\CRAFTING\witcher-alchemy\Cortinarius_2f1629feabb48338.json","2f1629feabb48338"
"E:\AntigravitiProgetti\CompendioTheWitcher\_tools\src-packs\CRAFTING\witcher-alchemy\Cuore_di_Golem_57dbf698ef4e4238.json","57dbf698ef4e4238"
"E:\AntigravitiProgetti\CompendioTheWitcher\_tools\src-packs\CRAFTING\witcher-alchemy\Cuore_di_Golem_d3682933381fbde1.json","d3682933381fbde1"
"E:\AntigravitiProgetti\CompendioTheWitcher\_tools\src-packs\CRAFTING\witcher-alchemy\Cuore_di_Nekker_29bcd32cdc4b40f8.json","29bcd32cdc4b40f8"
"E:\AntigravitiProgetti\CompendioTheWitcher\_tools\src-packs\CRAFTING\witcher-alchemy\Cuore_di_Nekker_6be27e979ac34778.json","6be27e979ac34778"
"E:\AntigravitiProgetti\CompendioTheWitcher\_tools\src-packs\CRAFTING\witcher-alchemy\Denti_di_Nekker_2630768afd7a0d12.json","2630768afd7a0d12"
"E:\AntigravitiProgetti\CompendioTheWitcher\_tools\src-packs\CRAFTING\witcher-alchemy\Denti_di_Nekker_4d0080ed354f422f.json","4d0080ed354f422f"
"E:\AntigravitiProgetti\CompendioTheWitcher\_tools\src-packs\CRAFTING\witcher-alchemy\Denti_di_Strega_0e08dc89b23d4f75.json","0e08dc89b23d4f75"
"E:\AntigravitiProgetti\CompendioTheWitcher\_tools\src-packs\CRAFTING\witcher-alchemy\Denti_di_Strega_47a76d64308d0556.json","47a76d64308d0556"
"E:\AntigravitiProgetti\CompendioTheWitcher\_tools\src-packs\CRAFTING\witcher-alchemy\Elisir_di_f8817a537f4e46a3.json","f8817a537f4e46a3"
"E:\AntigravitiProgetti\CompendioTheWitcher\_tools\src-packs\CRAFTING\witcher-alchemy\Elisir_di_Pantagran_71d4f56b19a21c1e.json","71d4f56b19a21c1e"
"E:\AntigravitiProgetti\CompendioTheWitcher\_tools\src-packs\CRAFTING\witcher-alchemy\Embrione_di_Endriaga_f292a23f3a8a462a.json","f292a23f3a8a462a"
"E:\AntigravitiProgetti\CompendioTheWitcher\_tools\src-packs\CRAFTING\witcher-alchemy\Embrione_di_Endriaga_f330543043148310.json","f330543043148310"
"E:\AntigravitiProgetti\CompendioTheWitcher\_tools\src-packs\CRAFTING\witcher-alchemy\Erbe_70cc30ac54c44a0f.json","70cc30ac54c44a0f"
"E:\AntigravitiProgetti\CompendioTheWitcher\_tools\src-packs\CRAFTING\witcher-alchemy\Erbe_Anestetiche_b86b6da09193b060.json","b86b6da09193b060"
"E:\AntigravitiProgetti\CompendioTheWitcher\_tools\src-packs\CRAFTING\witcher-alchemy\Essenza_Acquatica_19532f3be07a7aa5.json","19532f3be07a7aa5"
"E:\AntigravitiProgetti\CompendioTheWitcher\_tools\src-packs\CRAFTING\witcher-alchemy\Essenza_Acquatica_c8464231eed844e5.json","c8464231eed844e5"
"E:\AntigravitiProgetti\CompendioTheWitcher\_tools\src-packs\CRAFTING\witcher-alchemy\Essenza_di_Wraith_24433d7e35ac5c06.json","24433d7e35ac5c06"
"E:\AntigravitiProgetti\CompendioTheWitcher\_tools\src-packs\CRAFTING\witcher-alchemy\Essenza_di_Wraith_e689e6f475fa4af1.json","e689e6f475fa4af1"
"E:\AntigravitiProgetti\CompendioTheWitcher\_tools\src-packs\CRAFTING\witcher-alchemy\Essenza_Luminosa_1b6915dfe24da4f5.json","1b6915dfe24da4f5"
"E:\AntigravitiProgetti\CompendioTheWitcher\_tools\src-packs\CRAFTING\witcher-alchemy\Essenza_Luminosa_59afdf4f0560446f.json","59afdf4f0560446f"
"E:\AntigravitiProgetti\CompendioTheWitcher\_tools\src-packs\CRAFTING\witcher-alchemy\Estratto_di_Veleno_4caade1584a24f87.json","4caade1584a24f87"
"E:\AntigravitiProgetti\CompendioTheWitcher\_tools\src-packs\CRAFTING\witcher-alchemy\Estratto_di_Veleno_53f6d1bc9ed07c7a.json","53f6d1bc9ed07c7a"
"E:\AntigravitiProgetti\CompendioTheWitcher\_tools\src-packs\CRAFTING\witcher-alchemy\Fegato_di_Troll_aaef22a7a49685dc.json","aaef22a7a49685dc"
"E:\AntigravitiProgetti\CompendioTheWitcher\_tools\src-packs\CRAFTING\witcher-alchemy\Fegato_di_Troll_c70915dff74c445f.json","c70915dff74c445f"
"E:\AntigravitiProgetti\CompendioTheWitcher\_tools\src-packs\CRAFTING\witcher-alchemy\Fibre_di_Han_3270788a11b8d626.json","3270788a11b8d626"
"E:\AntigravitiProgetti\CompendioTheWitcher\_tools\src-packs\CRAFTING\witcher-alchemy\Fibre_di_Han_7a7f92dad11d483f.json","7a7f92dad11d483f"
"E:\AntigravitiProgetti\CompendioTheWitcher\_tools\src-packs\CRAFTING\witcher-alchemy\Fisstech_4c6898cbb59ac4d0.json","4c6898cbb59ac4d0"
"E:\AntigravitiProgetti\CompendioTheWitcher\_tools\src-packs\CRAFTING\witcher-alchemy\Fisstech_c103820acd304c54.json","c103820acd304c54"
"E:\AntigravitiProgetti\CompendioTheWitcher\_tools\src-packs\CRAFTING\witcher-alchemy\Fluido_f1f9d46ec7194912.json","f1f9d46ec7194912"
"E:\AntigravitiProgetti\CompendioTheWitcher\_tools\src-packs\CRAFTING\witcher-alchemy\Fluido_Sterilizzante_82ba18f6f6b49b83.json","82ba18f6f6b49b83"
"E:\AntigravitiProgetti\CompendioTheWitcher\_tools\src-packs\CRAFTING\witcher-alchemy\Foglie_di_Balissa_592e623fd2804202.json","592e623fd2804202"
"E:\AntigravitiProgetti\CompendioTheWitcher\_tools\src-packs\CRAFTING\witcher-alchemy\Foglie_di_Balissa_9b25ff83312726e5.json","9b25ff83312726e5"
"E:\AntigravitiProgetti\CompendioTheWitcher\_tools\src-packs\CRAFTING\witcher-alchemy\Fosforo_d0f18add8b1a4d16.json","d0f18add8b1a4d16"
"E:\AntigravitiProgetti\CompendioTheWitcher\_tools\src-packs\CRAFTING\witcher-alchemy\Fosforo_edd9f0e8c1fd4d2e.json","edd9f0e8c1fd4d2e"
"E:\AntigravitiProgetti\CompendioTheWitcher\_tools\src-packs\CRAFTING\witcher-alchemy\Frammenti_Lunari_062ac95f485c479c.json","062ac95f485c479c"
"E:\AntigravitiProgetti\CompendioTheWitcher\_tools\src-packs\CRAFTING\witcher-alchemy\Frammenti_Lunari_b2f4372227d57709.json","b2f4372227d57709"
"E:\AntigravitiProgetti\CompendioTheWitcher\_tools\src-packs\CRAFTING\witcher-alchemy\Frutto_di_Balissa_af851ce9c3fd9f22.json","af851ce9c3fd9f22"
"E:\AntigravitiProgetti\CompendioTheWitcher\_tools\src-packs\CRAFTING\witcher-alchemy\Frutto_di_Balissa_c3173dd240a9423f.json","c3173dd240a9423f"
"E:\AntigravitiProgetti\CompendioTheWitcher\_tools\src-packs\CRAFTING\witcher-alchemy\Frutto_di_Berbercane_e96dc3f1d7cb4a16.json","e96dc3f1d7cb4a16"
"E:\AntigravitiProgetti\CompendioTheWitcher\_tools\src-packs\CRAFTING\witcher-alchemy\Frutto_di_Berbercane_f45263cc228f4aa5.json","f45263cc228f4aa5"
"E:\AntigravitiProgetti\CompendioTheWitcher\_tools\src-packs\CRAFTING\witcher-alchemy\Fulmine_9418501c8feea066.json","9418501c8feea066"
"E:\AntigravitiProgetti\CompendioTheWitcher\_tools\src-packs\CRAFTING\witcher-alchemy\Fungo_Sewant_29445a8a83d78cd2.json","29445a8a83d78cd2"
"E:\AntigravitiProgetti\CompendioTheWitcher\_tools\src-packs\CRAFTING\witcher-alchemy\Fungo_Sewant_a6fd264b23084d5c.json","a6fd264b23084d5c"
"E:\AntigravitiProgetti\CompendioTheWitcher\_tools\src-packs\CRAFTING\witcher-alchemy\Fuoco_512994bb969a49db.json","512994bb969a49db"
"E:\AntigravitiProgetti\CompendioTheWitcher\_tools\src-packs\CRAFTING\witcher-alchemy\Fuoco_Rapido_94e85dc163931603.json","94e85dc163931603"
"E:\AntigravitiProgetti\CompendioTheWitcher\_tools\src-packs\CRAFTING\witcher-alchemy\Fuoco_Zerrikaniano_a355cea891a566a2.json","a355cea891a566a2"
"E:\AntigravitiProgetti\CompendioTheWitcher\_tools\src-packs\CRAFTING\witcher-alchemy\Furia_di_3b4bc4d66c1b44c8.json","3b4bc4d66c1b44c8"
"E:\AntigravitiProgetti\CompendioTheWitcher\_tools\src-packs\CRAFTING\witcher-alchemy\Furia_di_Bredan_6000a8a57a7e1717.json","6000a8a57a7e1717"
"E:\AntigravitiProgetti\CompendioTheWitcher\_tools\src-packs\CRAFTING\witcher-alchemy\Grasso_di_Cane_1738ff0813e441ec.json","1738ff0813e441ec"
"E:\AntigravitiProgetti\CompendioTheWitcher\_tools\src-packs\CRAFTING\witcher-alchemy\Grasso_di_Cane_4198ede3706536e5.json","4198ede3706536e5"
"E:\AntigravitiProgetti\CompendioTheWitcher\_tools\src-packs\CRAFTING\witcher-alchemy\Inchiostro_3e06c3b756614349.json","3e06c3b756614349"
"E:\AntigravitiProgetti\CompendioTheWitcher\_tools\src-packs\CRAFTING\witcher-alchemy\Inchiostro_Invisibile_447aacbc4d25e0e6.json","447aacbc4d25e0e6"
"E:\AntigravitiProgetti\CompendioTheWitcher\_tools\src-packs\CRAFTING\witcher-alchemy\Lacrime_di_25132d40d64045a6.json","25132d40d64045a6"
"E:\AntigravitiProgetti\CompendioTheWitcher\_tools\src-packs\CRAFTING\witcher-alchemy\Lacrime_di_Talgar_980b172264413962.json","980b172264413962"
"E:\AntigravitiProgetti\CompendioTheWitcher\_tools\src-packs\CRAFTING\witcher-alchemy\Lingua_di_Drowner_9e045ea661d4b8c2.json","9e045ea661d4b8c2"
"E:\AntigravitiProgetti\CompendioTheWitcher\_tools\src-packs\CRAFTING\witcher-alchemy\Lingua_di_Drowner_a86712729fa44d5e.json","a86712729fa44d5e"
"E:\AntigravitiProgetti\CompendioTheWitcher\_tools\src-packs\CRAFTING\witcher-alchemy\Lingua_di_Strega_dei_Sepolcri_04944ab27aff4ea5.json","04944ab27aff4ea5"
"E:\AntigravitiProgetti\CompendioTheWitcher\_tools\src-packs\CRAFTING\witcher-alchemy\Lingua_di_Strega_dei_Sepolcri_f5b764141ceb2b11.json","f5b764141ceb2b11"
"E:\AntigravitiProgetti\CompendioTheWitcher\_tools\src-packs\CRAFTING\witcher-alchemy\Mangusta_1f6a8809efb648fe.json","1f6a8809efb648fe"
"E:\AntigravitiProgetti\CompendioTheWitcher\_tools\src-packs\CRAFTING\witcher-alchemy\Marciatore_cc2204790b0e9651.json","cc2204790b0e9651"
"E:\AntigravitiProgetti\CompendioTheWitcher\_tools\src-packs\CRAFTING\witcher-alchemy\Midollo_di_Ghoul_242d371ce561e1e0.json","242d371ce561e1e0"
"E:\AntigravitiProgetti\CompendioTheWitcher\_tools\src-packs\CRAFTING\witcher-alchemy\Midollo_di_Ghoul_39b5c164bf134748.json","39b5c164bf134748"
"E:\AntigravitiProgetti\CompendioTheWitcher\_tools\src-packs\CRAFTING\witcher-alchemy\Muschio_Verde_34e7f5bbea146f84.json","34e7f5bbea146f84"
"E:\AntigravitiProgetti\CompendioTheWitcher\_tools\src-packs\CRAFTING\witcher-alchemy\Muschio_Verde_f1a8f00409db4d66.json","f1a8f00409db4d66"
"E:\AntigravitiProgetti\CompendioTheWitcher\_tools\src-packs\CRAFTING\witcher-alchemy\Occhio_di_Corvo_a12346852ea1465b.json","a12346852ea1465b"
"E:\AntigravitiProgetti\CompendioTheWitcher\_tools\src-packs\CRAFTING\witcher-alchemy\Occhio_di_Corvo_cd39cc2750da80c2.json","cd39cc2750da80c2"
"E:\AntigravitiProgetti\CompendioTheWitcher\_tools\src-packs\CRAFTING\witcher-alchemy\Occhio_di_Demonio_aa30fe9fea654d1c.json","aa30fe9fea654d1c"
"E:\AntigravitiProgetti\CompendioTheWitcher\_tools\src-packs\CRAFTING\witcher-alchemy\Occhio_di_Demonio_eb704c1e461c7dfd.json","eb704c1e461c7dfd"
"E:\AntigravitiProgetti\CompendioTheWitcher\_tools\src-packs\CRAFTING\witcher-alchemy\Occhi_di_Arachas_3c8c641ebf6d486e.json","3c8c641ebf6d486e"
"E:\AntigravitiProgetti\CompendioTheWitcher\_tools\src-packs\CRAFTING\witcher-alchemy\Occhi_di_Arachas_e717e7ad1ca1a917.json","e717e7ad1ca1a917"
"E:\AntigravitiProgetti\CompendioTheWitcher\_tools\src-packs\CRAFTING\witcher-alchemy\Occhi_di_Viverna_b7ace69d53f18e0c.json","b7ace69d53f18e0c"
"E:\AntigravitiProgetti\CompendioTheWitcher\_tools\src-packs\CRAFTING\witcher-alchemy\Occhi_di_Viverna_d3972a00554a40ab.json","d3972a00554a40ab"
"E:\AntigravitiProgetti\CompendioTheWitcher\_tools\src-packs\CRAFTING\witcher-alchemy\Optima_Mater_0cd91c0a8fef4b75.json","0cd91c0a8fef4b75"
"E:\AntigravitiProgetti\CompendioTheWitcher\_tools\src-packs\CRAFTING\witcher-alchemy\Optima_Mater_6ed0935f4ce3e58e.json","6ed0935f4ce3e58e"
"E:\AntigravitiProgetti\CompendioTheWitcher\_tools\src-packs\CRAFTING\witcher-alchemy\Orecchio_di_Strega_dei_Sepolcri_6a6f5cf53c534efd.json","6a6f5cf53c534efd"
"E:\AntigravitiProgetti\CompendioTheWitcher\_tools\src-packs\CRAFTING\witcher-alchemy\Orecchio_di_Strega_dei_Sepolcri_dac4084235421fe6.json","dac4084235421fe6"
"E:\AntigravitiProgetti\CompendioTheWitcher\_tools\src-packs\CRAFTING\witcher-alchemy\Orzo_95a39c10ac2c30d2.json","95a39c10ac2c30d2"
"E:\AntigravitiProgetti\CompendioTheWitcher\_tools\src-packs\CRAFTING\witcher-alchemy\Orzo_c194a099af994d9c.json","c194a099af994d9c"
"E:\AntigravitiProgetti\CompendioTheWitcher\_tools\src-packs\CRAFTING\witcher-alchemy\Pelle_di_Troll_1e79d5bc739f4805.json","1e79d5bc739f4805"
"E:\AntigravitiProgetti\CompendioTheWitcher\_tools\src-packs\CRAFTING\witcher-alchemy\Pelle_di_Troll_b87bed0362fd0ced.json","b87bed0362fd0ced"
"E:\AntigravitiProgetti\CompendioTheWitcher\_tools\src-packs\CRAFTING\witcher-alchemy\Perla_0e0f4e61077fc7bd.json","0e0f4e61077fc7bd"
"E:\AntigravitiProgetti\CompendioTheWitcher\_tools\src-packs\CRAFTING\witcher-alchemy\Perla_640a23a251764296.json","640a23a251764296"
"E:\AntigravitiProgetti\CompendioTheWitcher\_tools\src-packs\CRAFTING\witcher-alchemy\Petali_di_Elleboro_731e5767300d4e89.json","731e5767300d4e89"
"E:\AntigravitiProgetti\CompendioTheWitcher\_tools\src-packs\CRAFTING\witcher-alchemy\Petali_di_Elleboro_92729b36a258f66e.json","92729b36a258f66e"
"E:\AntigravitiProgetti\CompendioTheWitcher\_tools\src-packs\CRAFTING\witcher-alchemy\Petali_di_Ginatia_4e1644fcd945746a.json","4e1644fcd945746a"
"E:\AntigravitiProgetti\CompendioTheWitcher\_tools\src-packs\CRAFTING\witcher-alchemy\Petali_di_Ginatia_58ee4f2dd6384680.json","58ee4f2dd6384680"
"E:\AntigravitiProgetti\CompendioTheWitcher\_tools\src-packs\CRAFTING\witcher-alchemy\Petali_di_Mirto_Bianco_c55cae8b727e4361.json","c55cae8b727e4361"
"E:\AntigravitiProgetti\CompendioTheWitcher\_tools\src-packs\CRAFTING\witcher-alchemy\Petali_di_Mirto_Bianco_ec0a066de5952cd6.json","ec0a066de5952cd6"
"E:\AntigravitiProgetti\CompendioTheWitcher\_tools\src-packs\CRAFTING\witcher-alchemy\Pietra_del_Vino_0f558734abb24106.json","0f558734abb24106"
"E:\AntigravitiProgetti\CompendioTheWitcher\_tools\src-packs\CRAFTING\witcher-alchemy\Pietra_del_Vino_256e25eb2b924b9c.json","256e25eb2b924b9c"
"E:\AntigravitiProgetti\CompendioTheWitcher\_tools\src-packs\CRAFTING\witcher-alchemy\Piume_di_Grifone_a3729df1c6a805dd.json","a3729df1c6a805dd"
"E:\AntigravitiProgetti\CompendioTheWitcher\_tools\src-packs\CRAFTING\witcher-alchemy\Piume_di_Grifone_c31250387ed44a52.json","c31250387ed44a52"
"E:\AntigravitiProgetti\CompendioTheWitcher\_tools\src-packs\CRAFTING\witcher-alchemy\Polvere_5d6a3d935763454f.json","5d6a3d935763454f"
"E:\AntigravitiProgetti\CompendioTheWitcher\_tools\src-packs\CRAFTING\witcher-alchemy\Polvere_Basica_340b9390ba7f61d4.json","340b9390ba7f61d4"
"E:\AntigravitiProgetti\CompendioTheWitcher\_tools\src-packs\CRAFTING\witcher-alchemy\Polvere_Coagulante_4fdeed830f7b35f5.json","4fdeed830f7b35f5"
"E:\AntigravitiProgetti\CompendioTheWitcher\_tools\src-packs\CRAFTING\witcher-alchemy\Polvere_di_Spettro_3415dfb74502a488.json","3415dfb74502a488"
"E:\AntigravitiProgetti\CompendioTheWitcher\_tools\src-packs\CRAFTING\witcher-alchemy\Polvere_di_Spettro_9450f12eb49940f1.json","9450f12eb49940f1"
"E:\AntigravitiProgetti\CompendioTheWitcher\_tools\src-packs\CRAFTING\witcher-alchemy\Polvere_Infusa_0d64f24ab9d64abc.json","0d64f24ab9d64abc"
"E:\AntigravitiProgetti\CompendioTheWitcher\_tools\src-packs\CRAFTING\witcher-alchemy\Polvere_Infusa_3efd5861e8041ae4.json","3efd5861e8041ae4"
"E:\AntigravitiProgetti\CompendioTheWitcher\_tools\src-packs\CRAFTING\witcher-alchemy\Pozione_c0961c72054a4b19.json","c0961c72054a4b19"
"E:\AntigravitiProgetti\CompendioTheWitcher\_tools\src-packs\CRAFTING\witcher-alchemy\Pozione_di_f8f64a39688b4a63.json","f8f64a39688b4a63"
"E:\AntigravitiProgetti\CompendioTheWitcher\_tools\src-packs\CRAFTING\witcher-alchemy\Pozione_di_Lacrime_di_Mogli_2d1d8cdbf0e0eba5.json","2d1d8cdbf0e0eba5"
"E:\AntigravitiProgetti\CompendioTheWitcher\_tools\src-packs\CRAFTING\witcher-alchemy\Pozione_Profumo_86680cb7205d86ad.json","86680cb7205d86ad"
"E:\AntigravitiProgetti\CompendioTheWitcher\_tools\src-packs\CRAFTING\witcher-alchemy\Prezzemolo_Selvatico_12e61a61030946ba.json","12e61a61030946ba"
"E:\AntigravitiProgetti\CompendioTheWitcher\_tools\src-packs\CRAFTING\witcher-alchemy\Prezzemolo_Selvatico_edc16b8540d84b62.json","edc16b8540d84b62"
"E:\AntigravitiProgetti\CompendioTheWitcher\_tools\src-packs\CRAFTING\witcher-alchemy\Radice_di_Mandragora_1acc8888faab443c.json","1acc8888faab443c"
"E:\AntigravitiProgetti\CompendioTheWitcher\_tools\src-packs\CRAFTING\witcher-alchemy\Radice_di_Mandragora_2c6e60938d111ecf.json","2c6e60938d111ecf"
"E:\AntigravitiProgetti\CompendioTheWitcher\_tools\src-packs\CRAFTING\witcher-alchemy\Radice_di_Pimento_65d3a5454ffb41f4.json","65d3a5454ffb41f4"
"E:\AntigravitiProgetti\CompendioTheWitcher\_tools\src-packs\CRAFTING\witcher-alchemy\Radice_di_Pimento_cfe496b115424807.json","cfe496b115424807"
"E:\AntigravitiProgetti\CompendioTheWitcher\_tools\src-packs\CRAFTING\witcher-alchemy\Respiro_di_27660c61993146df.json","27660c61993146df"
"E:\AntigravitiProgetti\CompendioTheWitcher\_tools\src-packs\CRAFTING\witcher-alchemy\Respiro_di_Succube_af70f412e3b85cd9.json","af70f412e3b85cd9"
"E:\AntigravitiProgetti\CompendioTheWitcher\_tools\src-packs\CRAFTING\witcher-alchemy\Saliva_di_Endriaga_5fdc39960fdc4e0b.json","5fdc39960fdc4e0b"
"E:\AntigravitiProgetti\CompendioTheWitcher\_tools\src-packs\CRAFTING\witcher-alchemy\Saliva_di_Endriaga_6a2279968e6674d2.json","6a2279968e6674d2"
"E:\AntigravitiProgetti\CompendioTheWitcher\_tools\src-packs\CRAFTING\witcher-alchemy\Saliva_di_Lupo_Mannaro_c71de82395c88d75.json","c71de82395c88d75"
"E:\AntigravitiProgetti\CompendioTheWitcher\_tools\src-packs\CRAFTING\witcher-alchemy\Saliva_di_Lupo_Mannaro_eabbe225735745f0.json","eabbe225735745f0"
"E:\AntigravitiProgetti\CompendioTheWitcher\_tools\src-packs\CRAFTING\witcher-alchemy\Saliva_di_Vampiro_7021e56c1d974779.json","7021e56c1d974779"
"E:\AntigravitiProgetti\CompendioTheWitcher\_tools\src-packs\CRAFTING\witcher-alchemy\Saliva_di_Vampiro_da4b0cee05611532.json","da4b0cee05611532"
"E:\AntigravitiProgetti\CompendioTheWitcher\_tools\src-packs\CRAFTING\witcher-alchemy\Sali_da_8c7890e61a894d98.json","8c7890e61a894d98"
"E:\AntigravitiProgetti\CompendioTheWitcher\_tools\src-packs\CRAFTING\witcher-alchemy\Sali_da_Fiuto_4b3aa40fa1cada12.json","4b3aa40fa1cada12"
"E:\AntigravitiProgetti\CompendioTheWitcher\_tools\src-packs\CRAFTING\witcher-alchemy\Scleroderma_12002226078b47c8.json","12002226078b47c8"
"E:\AntigravitiProgetti\CompendioTheWitcher\_tools\src-packs\CRAFTING\witcher-alchemy\Scleroderma_bd1a4ecf135bb576.json","bd1a4ecf135bb576"
"E:\AntigravitiProgetti\CompendioTheWitcher\_tools\src-packs\CRAFTING\witcher-alchemy\Sempreviva_Nanica_8fbbf58f45f841b0.json","8fbbf58f45f841b0"
"E:\AntigravitiProgetti\CompendioTheWitcher\_tools\src-packs\CRAFTING\witcher-alchemy\Sempreviva_Nanica_97d7a5cdcd801c3e.json","97d7a5cdcd801c3e"
"E:\AntigravitiProgetti\CompendioTheWitcher\_tools\src-packs\CRAFTING\witcher-alchemy\Soluzione_43fe110b3d1940a6.json","43fe110b3d1940a6"
"E:\AntigravitiProgetti\CompendioTheWitcher\_tools\src-packs\CRAFTING\witcher-alchemy\Soluzione_Acida_4ab85f40147fe7fe.json","4ab85f40147fe7fe"
"E:\AntigravitiProgetti\CompendioTheWitcher\_tools\src-packs\CRAFTING\witcher-alchemy\Soluzione_di_Mercurio_27049c5319c54c27.json","27049c5319c54c27"
"E:\AntigravitiProgetti\CompendioTheWitcher\_tools\src-packs\CRAFTING\witcher-alchemy\Soluzione_di_Mercurio_514b27fe1b98deb3.json","514b27fe1b98deb3"
"E:\AntigravitiProgetti\CompendioTheWitcher\_tools\src-packs\CRAFTING\witcher-alchemy\Sterco_di_Demonio_1b973b55cae84258.json","1b973b55cae84258"
"E:\AntigravitiProgetti\CompendioTheWitcher\_tools\src-packs\CRAFTING\witcher-alchemy\Sterco_di_Demonio_86c08cb09d1ac7e3.json","86c08cb09d1ac7e3"
"E:\AntigravitiProgetti\CompendioTheWitcher\_tools\src-packs\CRAFTING\witcher-alchemy\Steroidi_Anabolizzanti_0839bb9ec7970f89.json","0839bb9ec7970f89"
"E:\AntigravitiProgetti\CompendioTheWitcher\_tools\src-packs\CRAFTING\witcher-alchemy\Tempesta_0ddba784e460e45c.json","0ddba784e460e45c"
"E:\AntigravitiProgetti\CompendioTheWitcher\_tools\src-packs\CRAFTING\witcher-alchemy\Tomba_dAdda_0620dfcfc28b4d46.json","0620dfcfc28b4d46"
"E:\AntigravitiProgetti\CompendioTheWitcher\_tools\src-packs\CRAFTING\witcher-alchemy\Tomba_dAdda_43f49e3aeb411b79.json","43f49e3aeb411b79"
"E:\AntigravitiProgetti\CompendioTheWitcher\_tools\src-packs\CRAFTING\witcher-alchemy\Ultima_Speranza_34b2f9ba388badd0.json","34b2f9ba388badd0"
"E:\AntigravitiProgetti\CompendioTheWitcher\_tools\src-packs\CRAFTING\witcher-alchemy\Uovo_di_Grifone_127697ec6be6fbef.json","127697ec6be6fbef"
"E:\AntigravitiProgetti\CompendioTheWitcher\_tools\src-packs\CRAFTING\witcher-alchemy\Uovo_di_Grifone_c7d7951877c347c1.json","c7d7951877c347c1"
"E:\AntigravitiProgetti\CompendioTheWitcher\_tools\src-packs\CRAFTING\witcher-alchemy\Uovo_di_viverna_0868d6096c3b4b4d.json","0868d6096c3b4b4d"
"E:\AntigravitiProgetti\CompendioTheWitcher\_tools\src-packs\CRAFTING\witcher-alchemy\Uovo_di_viverna_b241ffd04b03f469.json","b241ffd04b03f469"
"E:\AntigravitiProgetti\CompendioTheWitcher\_tools\src-packs\CRAFTING\witcher-alchemy\Veleno_di_Arachas_a628b167edc840ea.json","a628b167edc840ea"
"E:\AntigravitiProgetti\CompendioTheWitcher\_tools\src-packs\CRAFTING\witcher-alchemy\Veleno_di_Arachas_b2ee1352e7615f91.json","b2ee1352e7615f91"
"E:\AntigravitiProgetti\CompendioTheWitcher\_tools\src-packs\CRAFTING\witcher-alchemy\Veleno_nero_77e3aa635aaf41c4.json","77e3aa635aaf41c4"
"E:\AntigravitiProgetti\CompendioTheWitcher\_tools\src-packs\CRAFTING\witcher-alchemy\Veleno_Nero_b2c17a34289de8e2.json","b2c17a34289de8e2"
"E:\AntigravitiProgetti\CompendioTheWitcher\_tools\src-packs\CRAFTING\witcher-alchemy\Verbena_6b5787685979186e.json","6b5787685979186e"
"E:\AntigravitiProgetti\CompendioTheWitcher\_tools\src-packs\CRAFTING\witcher-alchemy\Verbena_85586bd6cdbe473e.json","85586bd6cdbe473e"
"E:\AntigravitiProgetti\CompendioTheWitcher\_tools\src-packs\CRAFTING\witcher-alchemy\Vischio_3362a5e3b4254fc1.json","3362a5e3b4254fc1"
"E:\AntigravitiProgetti\CompendioTheWitcher\_tools\src-packs\CRAFTING\witcher-alchemy\Vischio_493af2375c925300.json","493af2375c925300"
"E:\AntigravitiProgetti\CompendioTheWitcher\_tools\src-packs\CRAFTING\witcher-alchemy\Zanne_di_Vampiro_11bd3fc68a8b482f.json","11bd3fc68a8b482f"
"E:\AntigravitiProgetti\CompendioTheWitcher\_tools\src-packs\CRAFTING\witcher-alchemy\Zanne_di_Vampiro_89ebcbb812b678f8.json","89ebcbb812b678f8"
"E:\AntigravitiProgetti\CompendioTheWitcher\_tools\src-packs\CRAFTING\witcher-alchemy\Zolfo_03acdc241e31ec3d.json","03acdc241e31ec3d"
"E:\AntigravitiProgetti\CompendioTheWitcher\_tools\src-packs\CRAFTING\witcher-alchemy\Zolfo_b969db3e47ab4982.json","b969db3e47ab4982"
"E:\AntigravitiProgetti\CompendioTheWitcher\_tools\src-packs\CRAFTING\witcher-components\Acciaio_1ed7ac29bc746cb7.json","1ed7ac29bc746cb7"
"E:\AntigravitiProgetti\CompendioTheWitcher\_tools\src-packs\CRAFTING\witcher-components\Acciaio_Mahakaman_c4720acd29d300a3.json","c4720acd29d300a3"
"E:\AntigravitiProgetti\CompendioTheWitcher\_tools\src-packs\CRAFTING\witcher-components\Acciaio_Nero_6c4148ac84d48bb7.json","6c4148ac84d48bb7"
"E:\AntigravitiProgetti\CompendioTheWitcher\_tools\src-packs\CRAFTING\witcher-components\Acciaio_Tretogor_9fe91aeed7324198.json","9fe91aeed7324198"
"E:\AntigravitiProgetti\CompendioTheWitcher\_tools\src-packs\CRAFTING\witcher-components\Acquaforte_c1e8ba3287e9c2c4.json","c1e8ba3287e9c2c4"
"E:\AntigravitiProgetti\CompendioTheWitcher\_tools\src-packs\CRAFTING\witcher-components\Argento_67f4cc5e358fcd0a.json","67f4cc5e358fcd0a"
"E:\AntigravitiProgetti\CompendioTheWitcher\_tools\src-packs\CRAFTING\witcher-components\Argilla_d4da630d7335a724.json","d4da630d7335a724"
"E:\AntigravitiProgetti\CompendioTheWitcher\_tools\src-packs\CRAFTING\witcher-components\Carbone_d1a6602d9a92f0ad.json","d1a6602d9a92f0ad"
"E:\AntigravitiProgetti\CompendioTheWitcher\_tools\src-packs\CRAFTING\witcher-components\Ceneri_d814c5266885c054.json","d814c5266885c054"
"E:\AntigravitiProgetti\CompendioTheWitcher\_tools\src-packs\CRAFTING\witcher-components\Cera_649309a8b8c0d569.json","649309a8b8c0d569"
"E:\AntigravitiProgetti\CompendioTheWitcher\_tools\src-packs\CRAFTING\witcher-components\Cerume_di_Orco_8d4eaf96f7709ffb.json","8d4eaf96f7709ffb"
"E:\AntigravitiProgetti\CompendioTheWitcher\_tools\src-packs\CRAFTING\witcher-components\Corno_di_Bes_73b3c6bf627ad6a7.json","73b3c6bf627ad6a7"
"E:\AntigravitiProgetti\CompendioTheWitcher\_tools\src-packs\CRAFTING\witcher-components\Cote_13758ed25627ed64.json","13758ed25627ed64"
"E:\AntigravitiProgetti\CompendioTheWitcher\_tools\src-packs\CRAFTING\witcher-components\Cotone_2640d7f4569d9d90.json","2640d7f4569d9d90"
"E:\AntigravitiProgetti\CompendioTheWitcher\_tools\src-packs\CRAFTING\witcher-components\Cuoio_f75f0a711d512d55.json","f75f0a711d512d55"
"E:\AntigravitiProgetti\CompendioTheWitcher\_tools\src-packs\CRAFTING\witcher-components\Cuoio_Indurito_43863953497c162f.json","43863953497c162f"
"E:\AntigravitiProgetti\CompendioTheWitcher\_tools\src-packs\CRAFTING\witcher-components\Cuoio_Lyriano_12cf6a30e598e17c.json","12cf6a30e598e17c"
"E:\AntigravitiProgetti\CompendioTheWitcher\_tools\src-packs\CRAFTING\witcher-components\Dimeritium_0ea4a1520c190ce3.json","0ea4a1520c190ce3"
"E:\AntigravitiProgetti\CompendioTheWitcher\_tools\src-packs\CRAFTING\witcher-components\Dimeritium_Mahakaman_575134abc37d2130.json","575134abc37d2130"
"E:\AntigravitiProgetti\CompendioTheWitcher\_tools\src-packs\CRAFTING\witcher-components\Erbe_da_Concia_b27173ee76fc5d25.json","b27173ee76fc5d25"
"E:\AntigravitiProgetti\CompendioTheWitcher\_tools\src-packs\CRAFTING\witcher-components\Ferro_b68bb845c222ef6f.json","b68bb845c222ef6f"
"E:\AntigravitiProgetti\CompendioTheWitcher\_tools\src-packs\CRAFTING\witcher-components\Ferro_Nero_642f0821f3c568ab.json","642f0821f3c568ab"
"E:\AntigravitiProgetti\CompendioTheWitcher\_tools\src-packs\CRAFTING\witcher-components\Filo_fd0f731b34805b3e.json","fd0f731b34805b3e"
"E:\AntigravitiProgetti\CompendioTheWitcher\_tools\src-packs\CRAFTING\witcher-components\Gemma_19462f1d119c93f6.json","19462f1d119c93f6"
"E:\AntigravitiProgetti\CompendioTheWitcher\_tools\src-packs\CRAFTING\witcher-components\Grasso_di_Estere_f9d6a07acaa90e8b.json","f9d6a07acaa90e8b"
"E:\AntigravitiProgetti\CompendioTheWitcher\_tools\src-packs\CRAFTING\witcher-components\Grasso_dOrso_92e00306fb135017.json","92e00306fb135017"
"E:\AntigravitiProgetti\CompendioTheWitcher\_tools\src-packs\CRAFTING\witcher-components\Legname_4e9b1d0e2e7122a8.json","4e9b1d0e2e7122a8"
"E:\AntigravitiProgetti\CompendioTheWitcher\_tools\src-packs\CRAFTING\witcher-components\Legname_Indurito_9954d5f3ac238e36.json","9954d5f3ac238e36"
"E:\AntigravitiProgetti\CompendioTheWitcher\_tools\src-packs\CRAFTING\witcher-components\Lino_a_Doppia_Trama_ab96cec7d3e7081d.json","ab96cec7d3e7081d"
"E:\AntigravitiProgetti\CompendioTheWitcher\_tools\src-packs\CRAFTING\witcher-components\Lino_bed25d1776aa72c8.json","bed25d1776aa72c8"
"E:\AntigravitiProgetti\CompendioTheWitcher\_tools\src-packs\CRAFTING\witcher-components\Meteorite_19da39a3b47d4de8.json","19da39a3b47d4de8"
"E:\AntigravitiProgetti\CompendioTheWitcher\_tools\src-packs\CRAFTING\witcher-components\Minerale_Luccicante_919d6f3259e39fb3.json","919d6f3259e39fb3"
"E:\AntigravitiProgetti\CompendioTheWitcher\_tools\src-packs\CRAFTING\witcher-components\Mutageno_dOrso__Verde__5c551170e0f9898d.json","5c551170e0f9898d"
"E:\AntigravitiProgetti\CompendioTheWitcher\_tools\src-packs\CRAFTING\witcher-components\Mutageno_Penitente__Blu__255a1d339d1cb6b1.json","255a1d339d1cb6b1"
"E:\AntigravitiProgetti\CompendioTheWitcher\_tools\src-packs\CRAFTING\witcher-components\Olio_90a071d1d9485534.json","90a071d1d9485534"
"E:\AntigravitiProgetti\CompendioTheWitcher\_tools\src-packs\CRAFTING\witcher-components\Olio_di_Papero_b73e91086953f829.json","b73e91086953f829"
"E:\AntigravitiProgetti\CompendioTheWitcher\_tools\src-packs\CRAFTING\witcher-components\Olio_Scurente_7d930547e66c89e5.json","7d930547e66c89e5"
"E:\AntigravitiProgetti\CompendioTheWitcher\_tools\src-packs\CRAFTING\witcher-components\Oro_f490c0b2131458a7.json","f490c0b2131458a7"
"E:\AntigravitiProgetti\CompendioTheWitcher\_tools\src-packs\CRAFTING\witcher-components\Ossa_di_Bestia_153eebc437e17f8e.json","153eebc437e17f8e"
"E:\AntigravitiProgetti\CompendioTheWitcher\_tools\src-packs\CRAFTING\witcher-components\Pelle_di_Dragonide_7fdef6ba557ec03a.json","7fdef6ba557ec03a"
"E:\AntigravitiProgetti\CompendioTheWitcher\_tools\src-packs\CRAFTING\witcher-components\Pelle_di_Lupo_3c07542d894239c0.json","3c07542d894239c0"
"E:\AntigravitiProgetti\CompendioTheWitcher\_tools\src-packs\CRAFTING\witcher-components\Pelle_di_Mucca_679285a56392b51a.json","679285a56392b51a"
"E:\AntigravitiProgetti\CompendioTheWitcher\_tools\src-packs\CRAFTING\witcher-components\Pelle_dOrso_5bd59e64aff7a81e.json","5bd59e64aff7a81e"
"E:\AntigravitiProgetti\CompendioTheWitcher\_tools\src-packs\CRAFTING\witcher-components\Piume_9fcf8137bbe57e8f.json","9fcf8137bbe57e8f"
"E:\AntigravitiProgetti\CompendioTheWitcher\_tools\src-packs\CRAFTING\witcher-components\Polvere_Zerrikaniana_391483bd69fdc687.json","391483bd69fdc687"
"E:\AntigravitiProgetti\CompendioTheWitcher\_tools\src-packs\CRAFTING\witcher-components\Quintessenza_f321b4d1f950e1d8.json","f321b4d1f950e1d8"
"E:\AntigravitiProgetti\CompendioTheWitcher\_tools\src-packs\CRAFTING\witcher-components\Resina_c89ec502e878b3f3.json","c89ec502e878b3f3"
"E:\AntigravitiProgetti\CompendioTheWitcher\_tools\src-packs\CRAFTING\witcher-components\Sasso_6e7fa07d42295c8b.json","6e7fa07d42295c8b"
"E:\AntigravitiProgetti\CompendioTheWitcher\_tools\src-packs\CRAFTING\witcher-components\Scaglie_di_Dragonide_fcc5a5b1247654c6.json","fcc5a5b1247654c6"
"E:\AntigravitiProgetti\CompendioTheWitcher\_tools\src-packs\CRAFTING\witcher-components\Seta_4ceb30d89d68d673.json","4ceb30d89d68d673"
"E:\AntigravitiProgetti\CompendioTheWitcher\_tools\src-packs\CRAFTING\witcher-components\Teschio_di_Mari_Lwyd_9e4a66d47a330a97.json","9e4a66d47a330a97"
"E:\AntigravitiProgetti\CompendioTheWitcher\_tools\src-packs\CRAFTING\witcher-components\Vetro_8f4056bd40e2e2a5.json","8f4056bd40e2e2a5"
"E:\AntigravitiProgetti\CompendioTheWitcher\_tools\src-packs\CRAFTING\witcher-mutations\Mutageno del Demonio.json","82723c594c999cbf"
"E:\AntigravitiProgetti\CompendioTheWitcher\_tools\src-packs\CRAFTING\witcher-mutations\Mutageno del Golem.json","15c0be124d109d0d"
"E:\AntigravitiProgetti\CompendioTheWitcher\_tools\src-packs\CRAFTING\witcher-mutations\Mutageno del Grifone.json","2a03fe16501a3939"
"E:\AntigravitiProgetti\CompendioTheWitcher\_tools\src-packs\CRAFTING\witcher-mutations\Mutageno del Katakan.json","72e6941b8d69ade5"
"E:\AntigravitiProgetti\CompendioTheWitcher\_tools\src-packs\CRAFTING\witcher-mutations\Mutageno del Lupo Mannaro.json","23c398518c5317ae"
"E:\AntigravitiProgetti\CompendioTheWitcher\_tools\src-packs\CRAFTING\witcher-mutations\Mutageno del Nekker.json","ecb0e84a5695156f"
"E:\AntigravitiProgetti\CompendioTheWitcher\_tools\src-packs\CRAFTING\witcher-mutations\Mutageno del Penitente.json","03d0bc7218ed9345"
"E:\AntigravitiProgetti\CompendioTheWitcher\_tools\src-packs\CRAFTING\witcher-mutations\Mutageno del Troll di Roccia.json","8c28bcd4a584d729"
"E:\AntigravitiProgetti\CompendioTheWitcher\_tools\src-packs\CRAFTING\witcher-mutations\Mutageno del Wraith Diurno.json","6f6f66b7536764b1"
"E:\AntigravitiProgetti\CompendioTheWitcher\_tools\src-packs\CRAFTING\witcher-mutations\Mutageno dell'Arachas.json","89093aa34c487626"
"E:\AntigravitiProgetti\CompendioTheWitcher\_tools\src-packs\CRAFTING\witcher-mutations\Mutageno dell'Orso.json","48efaefec164e4d0"
"E:\AntigravitiProgetti\CompendioTheWitcher\_tools\src-packs\CRAFTING\witcher-mutations\Mutageno della Sirena.json","a62e85c95bc003f3"
"E:\AntigravitiProgetti\CompendioTheWitcher\_tools\src-packs\CRAFTING\witcher-mutations\Mutageno della Strega dei Sepolcri.json","606a746a4289186e"
"E:\AntigravitiProgetti\CompendioTheWitcher\_tools\src-packs\CRAFTING\witcher-mutations\Mutageno della Viverna.json","2136fd9bfaabb50e"
"E:\AntigravitiProgetti\CompendioTheWitcher\_tools\src-packs\CRAFTING\witcher-schematics\Accetta_433717ed41f1418b.json","433717ed41f1418b"
"E:\AntigravitiProgetti\CompendioTheWitcher\_tools\src-packs\CRAFTING\witcher-schematics\Accetta_e2c8cfe8acd0de90.json","e2c8cfe8acd0de90"
"E:\AntigravitiProgetti\CompendioTheWitcher\_tools\src-packs\CRAFTING\witcher-schematics\Acciaio_4451011cdabf4418.json","4451011cdabf4418"
"E:\AntigravitiProgetti\CompendioTheWitcher\_tools\src-packs\CRAFTING\witcher-schematics\Acciaio_e1dc23a01edd2020.json","e1dc23a01edd2020"
"E:\AntigravitiProgetti\CompendioTheWitcher\_tools\src-packs\CRAFTING\witcher-schematics\Acciaio_Mahakaman_d5124bf952ad4a10.json","d5124bf952ad4a10"
"E:\AntigravitiProgetti\CompendioTheWitcher\_tools\src-packs\CRAFTING\witcher-schematics\Acciaio_Mahakaman_d74fb67d4bac7594.json","d74fb67d4bac7594"
"E:\AntigravitiProgetti\CompendioTheWitcher\_tools\src-packs\CRAFTING\witcher-schematics\Acciaio_Nero_244f5660e98a41d7.json","244f5660e98a41d7"
"E:\AntigravitiProgetti\CompendioTheWitcher\_tools\src-packs\CRAFTING\witcher-schematics\Acciaio_Nero_b01f969ea2323219.json","b01f969ea2323219"
"E:\AntigravitiProgetti\CompendioTheWitcher\_tools\src-packs\CRAFTING\witcher-schematics\Acciaio_Tretogor_66343ce84fcb1317.json","66343ce84fcb1317"
"E:\AntigravitiProgetti\CompendioTheWitcher\_tools\src-packs\CRAFTING\witcher-schematics\Acciaio_Tretogor_efeef30d5b534f28.json","efeef30d5b534f28"
"E:\AntigravitiProgetti\CompendioTheWitcher\_tools\src-packs\CRAFTING\witcher-schematics\Alabarda_Rossa_7221111161434cd2.json","7221111161434cd2"
"E:\AntigravitiProgetti\CompendioTheWitcher\_tools\src-packs\CRAFTING\witcher-schematics\Arco_Corto_2b0deea572b54c63.json","2b0deea572b54c63"
"E:\AntigravitiProgetti\CompendioTheWitcher\_tools\src-packs\CRAFTING\witcher-schematics\Arco_Corto_dee8ad21c5acb16f.json","dee8ad21c5acb16f"
"E:\AntigravitiProgetti\CompendioTheWitcher\_tools\src-packs\CRAFTING\witcher-schematics\Arco_da_Guerra_eba306676d7d46a6.json","eba306676d7d46a6"
"E:\AntigravitiProgetti\CompendioTheWitcher\_tools\src-packs\CRAFTING\witcher-schematics\Arco_da_Viaggio_Elfico_138462120a014e30.json","138462120a014e30"
"E:\AntigravitiProgetti\CompendioTheWitcher\_tools\src-packs\CRAFTING\witcher-schematics\Arco_da_Viaggio_Elfico_ae20d541324e3369.json","ae20d541324e3369"
"E:\AntigravitiProgetti\CompendioTheWitcher\_tools\src-packs\CRAFTING\witcher-schematics\Arco_Lungo_1f9cd2416008d5b0.json","1f9cd2416008d5b0"
"E:\AntigravitiProgetti\CompendioTheWitcher\_tools\src-packs\CRAFTING\witcher-schematics\Arco_Lungo_c6f6cc141dba435a.json","c6f6cc141dba435a"
"E:\AntigravitiProgetti\CompendioTheWitcher\_tools\src-packs\CRAFTING\witcher-schematics\Armatura_a_Piastre_13122a4aa2794d44.json","13122a4aa2794d44"
"E:\AntigravitiProgetti\CompendioTheWitcher\_tools\src-packs\CRAFTING\witcher-schematics\Armatura_a_Piastre_71ac34829794f524.json","71ac34829794f524"
"E:\AntigravitiProgetti\CompendioTheWitcher\_tools\src-packs\CRAFTING\witcher-schematics\Armatura_a_Piastre_Mahakaman_152461ebf437fd2b.json","152461ebf437fd2b"
"E:\AntigravitiProgetti\CompendioTheWitcher\_tools\src-packs\CRAFTING\witcher-schematics\Armatura_a_Piastre_Mahakaman_7be6600a7e5a44bb.json","7be6600a7e5a44bb"
"E:\AntigravitiProgetti\CompendioTheWitcher\_tools\src-packs\CRAFTING\witcher-schematics\Armatura_a_Piastre_Nilfgaardiana_bf73ea320e514673.json","bf73ea320e514673"
"E:\AntigravitiProgetti\CompendioTheWitcher\_tools\src-packs\CRAFTING\witcher-schematics\Armatura_a_Piastre_Nilfgaardiana_fbf1843b661e1a14.json","fbf1843b661e1a14"
"E:\AntigravitiProgetti\CompendioTheWitcher\_tools\src-packs\CRAFTING\witcher-schematics\Armatura_da_Alabardiere_Redaniano_8d8b11528b7fa92c.json","8d8b11528b7fa92c"
"E:\AntigravitiProgetti\CompendioTheWitcher\_tools\src-packs\CRAFTING\witcher-schematics\Armatura_da_Alabardiere_Redaniano_d3cee13eb130444e.json","d3cee13eb130444e"
"E:\AntigravitiProgetti\CompendioTheWitcher\_tools\src-packs\CRAFTING\witcher-schematics\Armatura_da_Scoiatael_12023ca27da34ff2.json","12023ca27da34ff2"
"E:\AntigravitiProgetti\CompendioTheWitcher\_tools\src-packs\CRAFTING\witcher-schematics\Armatura_da_Scoiatael_bc953028d623420a.json","bc953028d623420a"
"E:\AntigravitiProgetti\CompendioTheWitcher\_tools\src-packs\CRAFTING\witcher-schematics\Armatura_Gnomesca_da_Dragone_6c41b7894d554805.json","6c41b7894d554805"
"E:\AntigravitiProgetti\CompendioTheWitcher\_tools\src-packs\CRAFTING\witcher-schematics\Armatura_Gnomesca_da_Dragone_d4ac7a6bba552d35.json","d4ac7a6bba552d35"
"E:\AntigravitiProgetti\CompendioTheWitcher\_tools\src-packs\CRAFTING\witcher-schematics\Armatura_Pesante_di_Hindarsfjall_acf088625a36e921.json","acf088625a36e921"
"E:\AntigravitiProgetti\CompendioTheWitcher\_tools\src-packs\CRAFTING\witcher-schematics\Armatura_Pesante_di_Hindarsfjall_e2b9e06ae9754bdc.json","e2b9e06ae9754bdc"
"E:\AntigravitiProgetti\CompendioTheWitcher\_tools\src-packs\CRAFTING\witcher-schematics\Asce_da_Lancio_3_d7d53fb879a54168.json","d7d53fb879a54168"
"E:\AntigravitiProgetti\CompendioTheWitcher\_tools\src-packs\CRAFTING\witcher-schematics\Asce_da_Lancio__?3__139cd011b5f432c7.json","139cd011b5f432c7"
"E:\AntigravitiProgetti\CompendioTheWitcher\_tools\src-packs\CRAFTING\witcher-schematics\Ascia_da_Battaglia_0c26cce7178370f7.json","0c26cce7178370f7"
"E:\AntigravitiProgetti\CompendioTheWitcher\_tools\src-packs\CRAFTING\witcher-schematics\Ascia_da_Battaglia_c1255f99d8104257.json","c1255f99d8104257"
"E:\AntigravitiProgetti\CompendioTheWitcher\_tools\src-packs\CRAFTING\witcher-schematics\Ascia_da_Berserker_7b1fc6fba3ba4945.json","7b1fc6fba3ba4945"
"E:\AntigravitiProgetti\CompendioTheWitcher\_tools\src-packs\CRAFTING\witcher-schematics\Ascia_Nanica_3dc88f4361e312dc.json","3dc88f4361e312dc"
"E:\AntigravitiProgetti\CompendioTheWitcher\_tools\src-packs\CRAFTING\witcher-schematics\Ascia_Nanica_e7f1026798c840ae.json","e7f1026798c840ae"
"E:\AntigravitiProgetti\CompendioTheWitcher\_tools\src-packs\CRAFTING\witcher-schematics\Ascia_Nera_Gnomesca_b1dfc6675007275d.json","b1dfc6675007275d"
"E:\AntigravitiProgetti\CompendioTheWitcher\_tools\src-packs\CRAFTING\witcher-schematics\Ascia_Nera_Gnomesca_d495ea2700bc4f24.json","d495ea2700bc4f24"
"E:\AntigravitiProgetti\CompendioTheWitcher\_tools\src-packs\CRAFTING\witcher-schematics\Azza_6ca203f549cb45a4.json","6ca203f549cb45a4"
"E:\AntigravitiProgetti\CompendioTheWitcher\_tools\src-packs\CRAFTING\witcher-schematics\Azza_afdd8568cf9c54ef.json","afdd8568cf9c54ef"
"E:\AntigravitiProgetti\CompendioTheWitcher\_tools\src-packs\CRAFTING\witcher-schematics\Bacinetto_Temeriano_91788b2fd0a5b595.json","91788b2fd0a5b595"
"E:\AntigravitiProgetti\CompendioTheWitcher\_tools\src-packs\CRAFTING\witcher-schematics\Bacinetto_Temeriano_a0146b9f45ad4237.json","a0146b9f45ad4237"
"E:\AntigravitiProgetti\CompendioTheWitcher\_tools\src-packs\CRAFTING\witcher-schematics\Balestra_857cc7ca06072899.json","857cc7ca06072899"
"E:\AntigravitiProgetti\CompendioTheWitcher\_tools\src-packs\CRAFTING\witcher-schematics\Balestra_a56fff2a856d4a44.json","a56fff2a856d4a44"
"E:\AntigravitiProgetti\CompendioTheWitcher\_tools\src-packs\CRAFTING\witcher-schematics\Balestra_da_Cacciatore_di_Mostri_3d752be8904f4755.json","3d752be8904f4755"
"E:\AntigravitiProgetti\CompendioTheWitcher\_tools\src-packs\CRAFTING\witcher-schematics\Balestra_Pesante_Nanica_09370454e73e4120.json","09370454e73e4120"
"E:\AntigravitiProgetti\CompendioTheWitcher\_tools\src-packs\CRAFTING\witcher-schematics\Balestra_Pesante_Nanica_c9467b2acb9ef6c6.json","c9467b2acb9ef6c6"
"E:\AntigravitiProgetti\CompendioTheWitcher\_tools\src-packs\CRAFTING\witcher-schematics\Balestrino_0063b147bb0140a4.json","0063b147bb0140a4"
"E:\AntigravitiProgetti\CompendioTheWitcher\_tools\src-packs\CRAFTING\witcher-schematics\Balestrino_4e3e8843dddfcfdc.json","4e3e8843dddfcfdc"
"E:\AntigravitiProgetti\CompendioTheWitcher\_tools\src-packs\CRAFTING\witcher-schematics\Balestrino_Gnomesco_01af2bbeb393476e.json","01af2bbeb393476e"
"E:\AntigravitiProgetti\CompendioTheWitcher\_tools\src-packs\CRAFTING\witcher-schematics\Balestrino_Gnomesco_6746830d225f6c2a.json","6746830d225f6c2a"
"E:\AntigravitiProgetti\CompendioTheWitcher\_tools\src-packs\CRAFTING\witcher-schematics\Bastone_963a8a135d28496b.json","963a8a135d28496b"
"E:\AntigravitiProgetti\CompendioTheWitcher\_tools\src-packs\CRAFTING\witcher-schematics\Bastone_con_Cristallo_2037515814b24242.json","2037515814b24242"
"E:\AntigravitiProgetti\CompendioTheWitcher\_tools\src-packs\CRAFTING\witcher-schematics\Bastone_da_Passeggio_Elfico_47a868117dad449e.json","47a868117dad449e"
"E:\AntigravitiProgetti\CompendioTheWitcher\_tools\src-packs\CRAFTING\witcher-schematics\Bastone_da_Passeggio_Elfico_be6709f6d6376694.json","be6709f6d6376694"
"E:\AntigravitiProgetti\CompendioTheWitcher\_tools\src-packs\CRAFTING\witcher-schematics\Bastone_di_Ferro_46010b8653304612.json","46010b8653304612"
"E:\AntigravitiProgetti\CompendioTheWitcher\_tools\src-packs\CRAFTING\witcher-schematics\Bastone_fd60fcddee8d479c.json","fd60fcddee8d479c"
"E:\AntigravitiProgetti\CompendioTheWitcher\_tools\src-packs\CRAFTING\witcher-schematics\Bastone_Gnomesco_03d02b3c12af4068.json","03d02b3c12af4068"
"E:\AntigravitiProgetti\CompendioTheWitcher\_tools\src-packs\CRAFTING\witcher-schematics\Bastone_Gnomesco_822fbd0183682d95.json","822fbd0183682d95"
"E:\AntigravitiProgetti\CompendioTheWitcher\_tools\src-packs\CRAFTING\witcher-schematics\Bastone_Uncinato_41df0dee84bb474f.json","41df0dee84bb474f"
"E:\AntigravitiProgetti\CompendioTheWitcher\_tools\src-packs\CRAFTING\witcher-schematics\Bastone_Uncinato_93b32f00c5ba8371.json","93b32f00c5ba8371"
"E:\AntigravitiProgetti\CompendioTheWitcher\_tools\src-packs\CRAFTING\witcher-schematics\Brache_a_Doppia_Trama_33f1696beb94407f.json","33f1696beb94407f"
"E:\AntigravitiProgetti\CompendioTheWitcher\_tools\src-packs\CRAFTING\witcher-schematics\Brache_a_Doppia_Trama_4260031f8f960bee.json","4260031f8f960bee"
"E:\AntigravitiProgetti\CompendioTheWitcher\_tools\src-packs\CRAFTING\witcher-schematics\Brache_Corazzate_6bf8da54cb382ae0.json","6bf8da54cb382ae0"
"E:\AntigravitiProgetti\CompendioTheWitcher\_tools\src-packs\CRAFTING\witcher-schematics\Brache_Corazzate_f99ae7cf465740a3.json","f99ae7cf465740a3"
"E:\AntigravitiProgetti\CompendioTheWitcher\_tools\src-packs\CRAFTING\witcher-schematics\Brache_da_Cavallerizzo_e7f250350fae438c.json","e7f250350fae438c"
"E:\AntigravitiProgetti\CompendioTheWitcher\_tools\src-packs\CRAFTING\witcher-schematics\Brache_da_Cavallerizzo_fe254467357f0a89.json","fe254467357f0a89"
"E:\AntigravitiProgetti\CompendioTheWitcher\_tools\src-packs\CRAFTING\witcher-schematics\Brache_di_Cuoio_Lyriano_59a8af2ddf7f48e7.json","59a8af2ddf7f48e7"
"E:\AntigravitiProgetti\CompendioTheWitcher\_tools\src-packs\CRAFTING\witcher-schematics\Brache_di_Cuoio_Lyriano_eeb2409c4d5368d1.json","eeb2409c4d5368d1"
"E:\AntigravitiProgetti\CompendioTheWitcher\_tools\src-packs\CRAFTING\witcher-schematics\Brache_Imbottite_bf8a442d8d8b4c35.json","bf8a442d8d8b4c35"
"E:\AntigravitiProgetti\CompendioTheWitcher\_tools\src-packs\CRAFTING\witcher-schematics\Brache_Imbottite_de618e2aa4c4de9f.json","de618e2aa4c4de9f"
"E:\AntigravitiProgetti\CompendioTheWitcher\_tools\src-packs\CRAFTING\witcher-schematics\Brigantina_3aa38f32579f0e40.json","3aa38f32579f0e40"
"E:\AntigravitiProgetti\CompendioTheWitcher\_tools\src-packs\CRAFTING\witcher-schematics\Brigantina_a2467e348fcd4683.json","a2467e348fcd4683"
"E:\AntigravitiProgetti\CompendioTheWitcher\_tools\src-packs\CRAFTING\witcher-schematics\Brocchiero_dAcciaio_ccb88f6c20fc8691.json","ccb88f6c20fc8691"
"E:\AntigravitiProgetti\CompendioTheWitcher\_tools\src-packs\CRAFTING\witcher-schematics\Brocchiero_dAcciaio_fc03d0b826fd4d39.json","fc03d0b826fd4d39"
"E:\AntigravitiProgetti\CompendioTheWitcher\_tools\src-packs\CRAFTING\witcher-schematics\Brocchiero_Gnomesco_162f96a7ddf655d2.json","162f96a7ddf655d2"
"E:\AntigravitiProgetti\CompendioTheWitcher\_tools\src-packs\CRAFTING\witcher-schematics\Brocchiero_Gnomesco_e9f7443d553d4b31.json","e9f7443d553d4b31"
"E:\AntigravitiProgetti\CompendioTheWitcher\_tools\src-packs\CRAFTING\witcher-schematics\Camaglio_2d86cc81016a7ef6.json","2d86cc81016a7ef6"
"E:\AntigravitiProgetti\CompendioTheWitcher\_tools\src-packs\CRAFTING\witcher-schematics\Camaglio_5e72ceea3c4644d5.json","5e72ceea3c4644d5"
"E:\AntigravitiProgetti\CompendioTheWitcher\_tools\src-packs\CRAFTING\witcher-schematics\Cappa_Nanica_3d0b5556e3bf40c1.json","3d0b5556e3bf40c1"
"E:\AntigravitiProgetti\CompendioTheWitcher\_tools\src-packs\CRAFTING\witcher-schematics\Cappa_Nanica_d3963c3001f0ba1f.json","d3963c3001f0ba1f"
"E:\AntigravitiProgetti\CompendioTheWitcher\_tools\src-packs\CRAFTING\witcher-schematics\Cappuccio_a_Doppia_Trama_6f66db06345bb6f7.json","6f66db06345bb6f7"
"E:\AntigravitiProgetti\CompendioTheWitcher\_tools\src-packs\CRAFTING\witcher-schematics\Cappuccio_a_Doppia_Trama_ea6381c185d84e40.json","ea6381c185d84e40"
"E:\AntigravitiProgetti\CompendioTheWitcher\_tools\src-packs\CRAFTING\witcher-schematics\Cappuccio_Corazzato_b593f96cc5b94a8f.json","b593f96cc5b94a8f"
"E:\AntigravitiProgetti\CompendioTheWitcher\_tools\src-packs\CRAFTING\witcher-schematics\Cappuccio_Corazzato_d40251f1aa245afe.json","d40251f1aa245afe"
"E:\AntigravitiProgetti\CompendioTheWitcher\_tools\src-packs\CRAFTING\witcher-schematics\Cappuccio_da_Arciere_Verden_5d27e885c9bb4819.json","5d27e885c9bb4819"
"E:\AntigravitiProgetti\CompendioTheWitcher\_tools\src-packs\CRAFTING\witcher-schematics\Cappuccio_da_Arciere_Verden_78d2c6474c397e01.json","78d2c6474c397e01"
"E:\AntigravitiProgetti\CompendioTheWitcher\_tools\src-packs\CRAFTING\witcher-schematics\Coltelli_da_Lancio_3_3c6d0286049c446f.json","3c6d0286049c446f"
"E:\AntigravitiProgetti\CompendioTheWitcher\_tools\src-packs\CRAFTING\witcher-schematics\Coltelli_da_Lancio__?3__3ae97d399c900c27.json","3ae97d399c900c27"
"E:\AntigravitiProgetti\CompendioTheWitcher\_tools\src-packs\CRAFTING\witcher-schematics\Costoliere_2d7c4ef67e11972d.json","2d7c4ef67e11972d"
"E:\AntigravitiProgetti\CompendioTheWitcher\_tools\src-packs\CRAFTING\witcher-schematics\Costoliere_9535abc40c4242c0.json","9535abc40c4242c0"
"E:\AntigravitiProgetti\CompendioTheWitcher\_tools\src-packs\CRAFTING\witcher-schematics\Cotta_di_Maglia_0eb4501998345668.json","0eb4501998345668"
"E:\AntigravitiProgetti\CompendioTheWitcher\_tools\src-packs\CRAFTING\witcher-schematics\Cotta_di_Maglia_27093b81e8d04d6b.json","27093b81e8d04d6b"
"E:\AntigravitiProgetti\CompendioTheWitcher\_tools\src-packs\CRAFTING\witcher-schematics\Cotta_Gnomesca_2a32aa891239cb04.json","2a32aa891239cb04"
"E:\AntigravitiProgetti\CompendioTheWitcher\_tools\src-packs\CRAFTING\witcher-schematics\Cotta_Gnomesca_65ccf5ea153d4740.json","65ccf5ea153d4740"
"E:\AntigravitiProgetti\CompendioTheWitcher\_tools\src-packs\CRAFTING\witcher-schematics\Cuoio_0b6b29283c9c9788.json","0b6b29283c9c9788"
"E:\AntigravitiProgetti\CompendioTheWitcher\_tools\src-packs\CRAFTING\witcher-schematics\Cuoio_39df75a165d84809.json","39df75a165d84809"
"E:\AntigravitiProgetti\CompendioTheWitcher\_tools\src-packs\CRAFTING\witcher-schematics\Cuoio_Borchiato_0a09ad16b8e567f9.json","0a09ad16b8e567f9"
"E:\AntigravitiProgetti\CompendioTheWitcher\_tools\src-packs\CRAFTING\witcher-schematics\Cuoio_Borchiato_1f80b47777324da1.json","1f80b47777324da1"
"E:\AntigravitiProgetti\CompendioTheWitcher\_tools\src-packs\CRAFTING\witcher-schematics\Cuoio_di_Dragonide_1127d31b273eb0fb.json","1127d31b273eb0fb"
"E:\AntigravitiProgetti\CompendioTheWitcher\_tools\src-packs\CRAFTING\witcher-schematics\Cuoio_di_Dragonide_212eecd998054608.json","212eecd998054608"
"E:\AntigravitiProgetti\CompendioTheWitcher\_tools\src-packs\CRAFTING\witcher-schematics\Cuoio_Indurito_4e9784f2e0c92b25.json","4e9784f2e0c92b25"
"E:\AntigravitiProgetti\CompendioTheWitcher\_tools\src-packs\CRAFTING\witcher-schematics\Cuoio_Indurito_cb4b387a916e434c.json","cb4b387a916e434c"
"E:\AntigravitiProgetti\CompendioTheWitcher\_tools\src-packs\CRAFTING\witcher-schematics\Cuoio_Lyriano_9dfcb17693464612.json","9dfcb17693464612"
"E:\AntigravitiProgetti\CompendioTheWitcher\_tools\src-packs\CRAFTING\witcher-schematics\Cuoio_Lyriano_bf14f32d56dc2f4c.json","bf14f32d56dc2f4c"
"E:\AntigravitiProgetti\CompendioTheWitcher\_tools\src-packs\CRAFTING\witcher-schematics\Daga_a_Rondelle_Halfling_415fffdfd3d07aa7.json","415fffdfd3d07aa7"
"E:\AntigravitiProgetti\CompendioTheWitcher\_tools\src-packs\CRAFTING\witcher-schematics\Daga_a_Rondelle_Halfling_57174bcecf45417f.json","57174bcecf45417f"
"E:\AntigravitiProgetti\CompendioTheWitcher\_tools\src-packs\CRAFTING\witcher-schematics\Dimeritium_2b27323a5ae762ad.json","2b27323a5ae762ad"
"E:\AntigravitiProgetti\CompendioTheWitcher\_tools\src-packs\CRAFTING\witcher-schematics\Dimeritium_645e8a50c4a0493a.json","645e8a50c4a0493a"
"E:\AntigravitiProgetti\CompendioTheWitcher\_tools\src-packs\CRAFTING\witcher-schematics\Dimeritium_Mahakaman_108970c20612f098.json","108970c20612f098"
"E:\AntigravitiProgetti\CompendioTheWitcher\_tools\src-packs\CRAFTING\witcher-schematics\Dimeritium_Mahakaman_57eaf52ee4e148da.json","57eaf52ee4e148da"
"E:\AntigravitiProgetti\CompendioTheWitcher\_tools\src-packs\CRAFTING\witcher-schematics\Elfica_2d0dfd770cbb7773.json","2d0dfd770cbb7773"
"E:\AntigravitiProgetti\CompendioTheWitcher\_tools\src-packs\CRAFTING\witcher-schematics\Elfica_ff9561af4fc340bf.json","ff9561af4fc340bf"
"E:\AntigravitiProgetti\CompendioTheWitcher\_tools\src-packs\CRAFTING\witcher-schematics\Elmo_a_Mezza_Maschera_0bccb98969e74888.json","0bccb98969e74888"
"E:\AntigravitiProgetti\CompendioTheWitcher\_tools\src-packs\CRAFTING\witcher-schematics\Elmo_a_Mezza_Maschera_afc9eb36489c4156.json","afc9eb36489c4156"
"E:\AntigravitiProgetti\CompendioTheWitcher\_tools\src-packs\CRAFTING\witcher-schematics\Elmo_di_Skellige_24936b02c3844cd4.json","24936b02c3844cd4"
"E:\AntigravitiProgetti\CompendioTheWitcher\_tools\src-packs\CRAFTING\witcher-schematics\Elmo_di_Skellige_ea1a8c39799e6993.json","ea1a8c39799e6993"
"E:\AntigravitiProgetti\CompendioTheWitcher\_tools\src-packs\CRAFTING\witcher-schematics\Elmo_Nilfgaardiano_a698da87b2e74b64.json","a698da87b2e74b64"
"E:\AntigravitiProgetti\CompendioTheWitcher\_tools\src-packs\CRAFTING\witcher-schematics\Elmo_Nilfgaardiano_b8613e5748f5d312.json","b8613e5748f5d312"
"E:\AntigravitiProgetti\CompendioTheWitcher\_tools\src-packs\CRAFTING\witcher-schematics\Esboda_e7c779696384cff4.json","e7c779696384cff4"
"E:\AntigravitiProgetti\CompendioTheWitcher\_tools\src-packs\CRAFTING\witcher-schematics\Esboda_eb61d0a37d624f21.json","eb61d0a37d624f21"
"E:\AntigravitiProgetti\CompendioTheWitcher\_tools\src-packs\CRAFTING\witcher-schematics\Falchion_da_Cacciatore_8494ea45a24dab74.json","8494ea45a24dab74"
"E:\AntigravitiProgetti\CompendioTheWitcher\_tools\src-packs\CRAFTING\witcher-schematics\Falchion_da_Cacciatore_cbea97aa4f734a00.json","cbea97aa4f734a00"
"E:\AntigravitiProgetti\CompendioTheWitcher\_tools\src-packs\CRAFTING\witcher-schematics\Falcione_Elfico_ac687e4a31914498.json","ac687e4a31914498"
"E:\AntigravitiProgetti\CompendioTheWitcher\_tools\src-packs\CRAFTING\witcher-schematics\Falcione_Elfico_b69d636f5db882d0.json","b69d636f5db882d0"
"E:\AntigravitiProgetti\CompendioTheWitcher\_tools\src-packs\CRAFTING\witcher-schematics\Farsetto_Protettivo_Halfling_58c2311553c10a15.json","58c2311553c10a15"
"E:\AntigravitiProgetti\CompendioTheWitcher\_tools\src-packs\CRAFTING\witcher-schematics\Farsetto_Protettivo_Halfling_cfff45910aef4eff.json","cfff45910aef4eff"
"E:\AntigravitiProgetti\CompendioTheWitcher\_tools\src-packs\CRAFTING\witcher-schematics\Fibra_9917c793cba645a3.json","9917c793cba645a3"
"E:\AntigravitiProgetti\CompendioTheWitcher\_tools\src-packs\CRAFTING\witcher-schematics\Fibra_a0867e24a2b47b75.json","a0867e24a2b47b75"
"E:\AntigravitiProgetti\CompendioTheWitcher\_tools\src-packs\CRAFTING\witcher-schematics\Filo_0a8fcd4941e18d57.json","0a8fcd4941e18d57"
"E:\AntigravitiProgetti\CompendioTheWitcher\_tools\src-packs\CRAFTING\witcher-schematics\Filo_64f29c5d063c4b19.json","64f29c5d063c4b19"
"E:\AntigravitiProgetti\CompendioTheWitcher\_tools\src-packs\CRAFTING\witcher-schematics\Gambali_di_Maglia_di_Hindarsfjall_29ddd2d7bbd047db.json","29ddd2d7bbd047db"
"E:\AntigravitiProgetti\CompendioTheWitcher\_tools\src-packs\CRAFTING\witcher-schematics\Gambali_di_Maglia_di_Hindarsfjall_e94cde33deaf58fe.json","e94cde33deaf58fe"
"E:\AntigravitiProgetti\CompendioTheWitcher\_tools\src-packs\CRAFTING\witcher-schematics\Gambesone_4285f14ebabe4267.json","4285f14ebabe4267"
"E:\AntigravitiProgetti\CompendioTheWitcher\_tools\src-packs\CRAFTING\witcher-schematics\Gambesone_46fb4b4342b35e99.json","46fb4b4342b35e99"
"E:\AntigravitiProgetti\CompendioTheWitcher\_tools\src-packs\CRAFTING\witcher-schematics\Gambesone_Aedirniano_36c52cca45ff4196.json","36c52cca45ff4196"
"E:\AntigravitiProgetti\CompendioTheWitcher\_tools\src-packs\CRAFTING\witcher-schematics\Gambesone_Aedirniano_e42f9a8308fc1a06.json","e42f9a8308fc1a06"
"E:\AntigravitiProgetti\CompendioTheWitcher\_tools\src-packs\CRAFTING\witcher-schematics\Gambesone_a_Doppia_Trama_4a20469cefed01ce.json","4a20469cefed01ce"
"E:\AntigravitiProgetti\CompendioTheWitcher\_tools\src-packs\CRAFTING\witcher-schematics\Gambesone_a_Doppia_Trama_acc6ed867df2477c.json","acc6ed867df2477c"
"E:\AntigravitiProgetti\CompendioTheWitcher\_tools\src-packs\CRAFTING\witcher-schematics\Giubba_di_Cuoio_Lyriano_541cd85455247d56.json","541cd85455247d56"
"E:\AntigravitiProgetti\CompendioTheWitcher\_tools\src-packs\CRAFTING\witcher-schematics\Giubba_di_Cuoio_Lyriano_e455d2be246a45dd.json","e455d2be246a45dd"
"E:\AntigravitiProgetti\CompendioTheWitcher\_tools\src-packs\CRAFTING\witcher-schematics\Gleddyf_34b84667feea412d.json","34b84667feea412d"
"E:\AntigravitiProgetti\CompendioTheWitcher\_tools\src-packs\CRAFTING\witcher-schematics\Gleddyf_bffbb3320ac76c2e.json","bffbb3320ac76c2e"
"E:\AntigravitiProgetti\CompendioTheWitcher\_tools\src-packs\CRAFTING\witcher-schematics\Grande_Elmo_4972fafd54dbeb86.json","4972fafd54dbeb86"
"E:\AntigravitiProgetti\CompendioTheWitcher\_tools\src-packs\CRAFTING\witcher-schematics\Grande_Elmo_f26dc0c6dcf644f1.json","f26dc0c6dcf644f1"
"E:\AntigravitiProgetti\CompendioTheWitcher\_tools\src-packs\CRAFTING\witcher-schematics\Gwyhyr_Gnomesca_9c56bb4c2bc04151.json","9c56bb4c2bc04151"
"E:\AntigravitiProgetti\CompendioTheWitcher\_tools\src-packs\CRAFTING\witcher-schematics\Gwyhyr_Gnomesca_c1b1615325dd1a64.json","c1b1615325dd1a64"
"E:\AntigravitiProgetti\CompendioTheWitcher\_tools\src-packs\CRAFTING\witcher-schematics\Jambiya_ab80e7f03c0e48e1.json","ab80e7f03c0e48e1"
"E:\AntigravitiProgetti\CompendioTheWitcher\_tools\src-packs\CRAFTING\witcher-schematics\Kord_1f10c3488d6349de.json","1f10c3488d6349de"
"E:\AntigravitiProgetti\CompendioTheWitcher\_tools\src-packs\CRAFTING\witcher-schematics\Krigsverd_23ba1016ef144441.json","23ba1016ef144441"
"E:\AntigravitiProgetti\CompendioTheWitcher\_tools\src-packs\CRAFTING\witcher-schematics\Krigsverd_88e02019895a78c4.json","88e02019895a78c4"
"E:\AntigravitiProgetti\CompendioTheWitcher\_tools\src-packs\CRAFTING\witcher-schematics\Lama_del_Tir_Tochair_e88407ca74f84e11.json","e88407ca74f84e11"
"E:\AntigravitiProgetti\CompendioTheWitcher\_tools\src-packs\CRAFTING\witcher-schematics\Lama_del_Tir_Tochair_f897043986b1fab7.json","f897043986b1fab7"
"E:\AntigravitiProgetti\CompendioTheWitcher\_tools\src-packs\CRAFTING\witcher-schematics\Lama_Vicovariana_2b920cc3e91d4a5b.json","2b920cc3e91d4a5b"
"E:\AntigravitiProgetti\CompendioTheWitcher\_tools\src-packs\CRAFTING\witcher-schematics\Lancia_508653cb426dc030.json","508653cb426dc030"
"E:\AntigravitiProgetti\CompendioTheWitcher\_tools\src-packs\CRAFTING\witcher-schematics\Lancia_effc97b6ed664ed5.json","effc97b6ed664ed5"
"E:\AntigravitiProgetti\CompendioTheWitcher\_tools\src-packs\CRAFTING\witcher-schematics\Legname_Indurito_bf81d1e9392e5b8e.json","bf81d1e9392e5b8e"
"E:\AntigravitiProgetti\CompendioTheWitcher\_tools\src-packs\CRAFTING\witcher-schematics\Lino_4360818be3dfcb33.json","4360818be3dfcb33"
"E:\AntigravitiProgetti\CompendioTheWitcher\_tools\src-packs\CRAFTING\witcher-schematics\Lino_a8f92d316c6a4ec2.json","a8f92d316c6a4ec2"
"E:\AntigravitiProgetti\CompendioTheWitcher\_tools\src-packs\CRAFTING\witcher-schematics\Lino_a_Doppia_Trama_ded870fcef4b73a4.json","ded870fcef4b73a4"
"E:\AntigravitiProgetti\CompendioTheWitcher\_tools\src-packs\CRAFTING\witcher-schematics\Maglio_degli_Altipiani_6fb1ae34df484bf2.json","6fb1ae34df484bf2"
"E:\AntigravitiProgetti\CompendioTheWitcher\_tools\src-packs\CRAFTING\witcher-schematics\Mannaia_Nanica_9e5b41587b5b4184.json","9e5b41587b5b4184"
"E:\AntigravitiProgetti\CompendioTheWitcher\_tools\src-packs\CRAFTING\witcher-schematics\Martello_dArmi_Mahakaman_33260dead5b04411.json","33260dead5b04411"
"E:\AntigravitiProgetti\CompendioTheWitcher\_tools\src-packs\CRAFTING\witcher-schematics\Martello_dArmi_Mahakaman_4892af47b1585b48.json","4892af47b1585b48"
"E:\AntigravitiProgetti\CompendioTheWitcher\_tools\src-packs\CRAFTING\witcher-schematics\Mazzafrusto_Meteoritico_32a7169943fa83ef.json","32a7169943fa83ef"
"E:\AntigravitiProgetti\CompendioTheWitcher\_tools\src-packs\CRAFTING\witcher-schematics\Mazzafrusto_Meteoritico_9848a6ae91aa453e.json","9848a6ae91aa453e"
"E:\AntigravitiProgetti\CompendioTheWitcher\_tools\src-packs\CRAFTING\witcher-schematics\Mazzapicchio_Nanico_3f30d65d10324e8a.json","3f30d65d10324e8a"
"E:\AntigravitiProgetti\CompendioTheWitcher\_tools\src-packs\CRAFTING\witcher-schematics\Mazzapicchio_Nanico_c421ed6a7806b3ff.json","c421ed6a7806b3ff"
"E:\AntigravitiProgetti\CompendioTheWitcher\_tools\src-packs\CRAFTING\witcher-schematics\Mazza_d6e2e9ae7b209049.json","d6e2e9ae7b209049"
"E:\AntigravitiProgetti\CompendioTheWitcher\_tools\src-packs\CRAFTING\witcher-schematics\Mazza_e665b59855b6455c.json","e665b59855b6455c"
"E:\AntigravitiProgetti\CompendioTheWitcher\_tools\src-packs\CRAFTING\witcher-schematics\Messer_Elfico_452fd623755e433f.json","452fd623755e433f"
"E:\AntigravitiProgetti\CompendioTheWitcher\_tools\src-packs\CRAFTING\witcher-schematics\Messer_Elfico_6ff6f52cc12f943f.json","6ff6f52cc12f943f"
"E:\AntigravitiProgetti\CompendioTheWitcher\_tools\src-packs\CRAFTING\witcher-schematics\Munizioni_a_Punta_Larga_10_7b53ec7f7bf34eac.json","7b53ec7f7bf34eac"
"E:\AntigravitiProgetti\CompendioTheWitcher\_tools\src-packs\CRAFTING\witcher-schematics\Munizioni_a_Punta_Larga__?10__8dd9e4400e7b43f1.json","8dd9e4400e7b43f1"
"E:\AntigravitiProgetti\CompendioTheWitcher\_tools\src-packs\CRAFTING\witcher-schematics\Munizioni_Bodkin_10_4740af7f6d254c46.json","4740af7f6d254c46"
"E:\AntigravitiProgetti\CompendioTheWitcher\_tools\src-packs\CRAFTING\witcher-schematics\Munizioni_Bodkin__?10__094dd115f8554ffe.json","094dd115f8554ffe"
"E:\AntigravitiProgetti\CompendioTheWitcher\_tools\src-packs\CRAFTING\witcher-schematics\Munizioni_Normali_7ab29d7435014a64.json","7ab29d7435014a64"
"E:\AntigravitiProgetti\CompendioTheWitcher\_tools\src-packs\CRAFTING\witcher-schematics\Munizioni_Normali_c4b601ac140afb25.json","c4b601ac140afb25"
"E:\AntigravitiProgetti\CompendioTheWitcher\_tools\src-packs\CRAFTING\witcher-schematics\Munizioni_Smussate_2a3b1bf55aef5cc9.json","2a3b1bf55aef5cc9"
"E:\AntigravitiProgetti\CompendioTheWitcher\_tools\src-packs\CRAFTING\witcher-schematics\Munizioni_Smussate_cdb8e625f72d41db.json","cdb8e625f72d41db"
"E:\AntigravitiProgetti\CompendioTheWitcher\_tools\src-packs\CRAFTING\witcher-schematics\Nanica_5e082e424a3a4dab.json","5e082e424a3a4dab"
"E:\AntigravitiProgetti\CompendioTheWitcher\_tools\src-packs\CRAFTING\witcher-schematics\Nanica_facf35b6ae39c6b0.json","facf35b6ae39c6b0"
"E:\AntigravitiProgetti\CompendioTheWitcher\_tools\src-packs\CRAFTING\witcher-schematics\Orione_3_a85490c3cc784d18.json","a85490c3cc784d18"
"E:\AntigravitiProgetti\CompendioTheWitcher\_tools\src-packs\CRAFTING\witcher-schematics\Orione__?3__0c8eaef83981bedf.json","0c8eaef83981bedf"
"E:\AntigravitiProgetti\CompendioTheWitcher\_tools\src-packs\CRAFTING\witcher-schematics\Palvese_5bd2aea8288b4fdb.json","5bd2aea8288b4fdb"
"E:\AntigravitiProgetti\CompendioTheWitcher\_tools\src-packs\CRAFTING\witcher-schematics\Palvese_edc769e026cdb33f.json","edc769e026cdb33f"
"E:\AntigravitiProgetti\CompendioTheWitcher\_tools\src-packs\CRAFTING\witcher-schematics\Palvese_Mahakaman_aa0b1d0c1b304fa0.json","aa0b1d0c1b304fa0"
"E:\AntigravitiProgetti\CompendioTheWitcher\_tools\src-packs\CRAFTING\witcher-schematics\Palvese_Mahakaman_cf6ea9ee4e6e5526.json","cf6ea9ee4e6e5526"
"E:\AntigravitiProgetti\CompendioTheWitcher\_tools\src-packs\CRAFTING\witcher-schematics\Palvese_Nilfgaardiano_723998e07038468e.json","723998e07038468e"
"E:\AntigravitiProgetti\CompendioTheWitcher\_tools\src-packs\CRAFTING\witcher-schematics\Palvese_Nilfgaardiano_f8744666b87488cd.json","f8744666b87488cd"
"E:\AntigravitiProgetti\CompendioTheWitcher\_tools\src-packs\CRAFTING\witcher-schematics\Pugnale_6f73e0b40109c6af.json","6f73e0b40109c6af"
"E:\AntigravitiProgetti\CompendioTheWitcher\_tools\src-packs\CRAFTING\witcher-schematics\Pugnale_d029c5c95239484c.json","d029c5c95239484c"
"E:\AntigravitiProgetti\CompendioTheWitcher\_tools\src-packs\CRAFTING\witcher-schematics\Schinieri_di_Piastre_790907113bda4f9e.json","790907113bda4f9e"
"E:\AntigravitiProgetti\CompendioTheWitcher\_tools\src-packs\CRAFTING\witcher-schematics\Schinieri_di_Piastre_ce54751cb1fefd8f.json","ce54751cb1fefd8f"
"E:\AntigravitiProgetti\CompendioTheWitcher\_tools\src-packs\CRAFTING\witcher-schematics\Schinieri_Nilfgaardiani_260e52b328cf437e.json","260e52b328cf437e"
"E:\AntigravitiProgetti\CompendioTheWitcher\_tools\src-packs\CRAFTING\witcher-schematics\Schinieri_Nilfgaardiani_988051857dcc40aa.json","988051857dcc40aa"
"E:\AntigravitiProgetti\CompendioTheWitcher\_tools\src-packs\CRAFTING\witcher-schematics\Schinieri_Redaniani_3097e4634feeae54.json","3097e4634feeae54"
"E:\AntigravitiProgetti\CompendioTheWitcher\_tools\src-packs\CRAFTING\witcher-schematics\Schinieri_Redaniani_c837bf0fc21f4b6d.json","c837bf0fc21f4b6d"
"E:\AntigravitiProgetti\CompendioTheWitcher\_tools\src-packs\CRAFTING\witcher-schematics\Scudo_dAcciaio_a_Goccia_3bea9e35e8af44a6.json","3bea9e35e8af44a6"
"E:\AntigravitiProgetti\CompendioTheWitcher\_tools\src-packs\CRAFTING\witcher-schematics\Scudo_dAcciaio_a_Goccia_6ccfc227f3c509a1.json","6ccfc227f3c509a1"
"E:\AntigravitiProgetti\CompendioTheWitcher\_tools\src-packs\CRAFTING\witcher-schematics\Scudo_da_Razziatore_di_Skellige_0cd182b76352131c.json","0cd182b76352131c"
"E:\AntigravitiProgetti\CompendioTheWitcher\_tools\src-packs\CRAFTING\witcher-schematics\Scudo_da_Razziatore_di_Skellige_39c4422a8ac54bb7.json","39c4422a8ac54bb7"
"E:\AntigravitiProgetti\CompendioTheWitcher\_tools\src-packs\CRAFTING\witcher-schematics\Scudo_di_Cuoio_0c4b4c8693e94f24.json","0c4b4c8693e94f24"
"E:\AntigravitiProgetti\CompendioTheWitcher\_tools\src-packs\CRAFTING\witcher-schematics\Scudo_di_Cuoio_3bca85ae2147ae24.json","3bca85ae2147ae24"
"E:\AntigravitiProgetti\CompendioTheWitcher\_tools\src-packs\CRAFTING\witcher-schematics\Scudo_Elfico_9408093e74fc0166.json","9408093e74fc0166"
"E:\AntigravitiProgetti\CompendioTheWitcher\_tools\src-packs\CRAFTING\witcher-schematics\Scudo_Elfico_fb157f9e127c4175.json","fb157f9e127c4175"
"E:\AntigravitiProgetti\CompendioTheWitcher\_tools\src-packs\CRAFTING\witcher-schematics\Scudo_Kaedweni_44e1205674741ca7.json","44e1205674741ca7"
"E:\AntigravitiProgetti\CompendioTheWitcher\_tools\src-packs\CRAFTING\witcher-schematics\Scudo_Kaedweni_9f4ef73638ce44be.json","9f4ef73638ce44be"
"E:\AntigravitiProgetti\CompendioTheWitcher\_tools\src-packs\CRAFTING\witcher-schematics\Scudo_Temeriano_968d799baf28457f.json","968d799baf28457f"
"E:\AntigravitiProgetti\CompendioTheWitcher\_tools\src-packs\CRAFTING\witcher-schematics\Scudo_Temeriano_b424b95d90c5c40b.json","b424b95d90c5c40b"
"E:\AntigravitiProgetti\CompendioTheWitcher\_tools\src-packs\CRAFTING\witcher-schematics\Spada_dArme_5e33653c7c9041c2.json","5e33653c7c9041c2"
"E:\AntigravitiProgetti\CompendioTheWitcher\_tools\src-packs\CRAFTING\witcher-schematics\Spada_dArme_810db9de739707e7.json","810db9de739707e7"
"E:\AntigravitiProgetti\CompendioTheWitcher\_tools\src-packs\CRAFTING\witcher-schematics\Spada_da_Cavalleria_Vrihedd_296459773840f185.json","296459773840f185"
"E:\AntigravitiProgetti\CompendioTheWitcher\_tools\src-packs\CRAFTING\witcher-schematics\Spada_da_Cavalleria_Vrihedd_935238db7791477e.json","935238db7791477e"
"E:\AntigravitiProgetti\CompendioTheWitcher\_tools\src-packs\CRAFTING\witcher-schematics\Spada_di_Ferro_17416dcbdf3d3777.json","17416dcbdf3d3777"
"E:\AntigravitiProgetti\CompendioTheWitcher\_tools\src-packs\CRAFTING\witcher-schematics\Spada_di_Ferro_7cd4e15e635d429f.json","7cd4e15e635d429f"
"E:\AntigravitiProgetti\CompendioTheWitcher\_tools\src-packs\CRAFTING\witcher-schematics\Spada_Meteoritica_0bb47f8f26c843cf.json","0bb47f8f26c843cf"
"E:\AntigravitiProgetti\CompendioTheWitcher\_tools\src-packs\CRAFTING\witcher-schematics\Spada_Meteoritica_cd4a9fb84f5c3574.json","cd4a9fb84f5c3574"
"E:\AntigravitiProgetti\CompendioTheWitcher\_tools\src-packs\CRAFTING\witcher-schematics\Stiletto_e0287f1e50804f92.json","e0287f1e50804f92"
"E:\AntigravitiProgetti\CompendioTheWitcher\_tools\src-packs\CRAFTING\witcher-schematics\Stiletto_f73df00c3ae0d06b.json","f73df00c3ae0d06b"
"E:\AntigravitiProgetti\CompendioTheWitcher\_tools\src-packs\CRAFTING\witcher-schematics\Tirapugni_98cbf0a1a79979c0.json","98cbf0a1a79979c0"
"E:\AntigravitiProgetti\CompendioTheWitcher\_tools\src-packs\CRAFTING\witcher-schematics\Tirapugni_c1e92c52bb5441ad.json","c1e92c52bb5441ad"
"E:\AntigravitiProgetti\CompendioTheWitcher\_tools\src-packs\CRAFTING\witcher-schematics\Torrwr_1ea8c069e2664c58.json","1ea8c069e2664c58"
"E:\AntigravitiProgetti\CompendioTheWitcher\_tools\src-packs\CRAFTING\witcher-schematics\Zefhar_Elfico_6141565791624361.json","6141565791624361"
"E:\AntigravitiProgetti\CompendioTheWitcher\_tools\src-packs\CRAFTING\witcher-schematics\Zefhar_Elfico_d5f12ed396e4a676.json","d5f12ed396e4a676"
"E:\AntigravitiProgetti\CompendioTheWitcher\_tools\src-packs\EQUIPAGGIAMENTO\base\witcher-armor\Armatura dei Montanari.json","d5e6f7a8b9c0d1e2"
"E:\AntigravitiProgetti\CompendioTheWitcher\_tools\src-packs\EQUIPAGGIAMENTO\base\witcher-armor\Armatura di Corvo.json","c4d5e6f7a8b9c0d1"
"E:\AntigravitiProgetti\CompendioTheWitcher\_tools\src-packs\EQUIPAGGIAMENTO\base\witcher-armor\Armatura di Draugr.json","e6f7a8b9c0d1e2f3"
"E:\AntigravitiProgetti\CompendioTheWitcher\_tools\src-packs\EQUIPAGGIAMENTO\base\witcher-armor\Armatura_a_Piastre_3cd42c4b0b5d409c.json","3cd42c4b0b5d409c"
"E:\AntigravitiProgetti\CompendioTheWitcher\_tools\src-packs\EQUIPAGGIAMENTO\base\witcher-armor\Armatura_a_Piastre_Nilfgaardiana_72d75f6f65b94ab9.json","72d75f6f65b94ab9"
"E:\AntigravitiProgetti\CompendioTheWitcher\_tools\src-packs\EQUIPAGGIAMENTO\base\witcher-armor\Armatura_da_Alabardiere_Redaniana_25b33d15fa1d4c20.json","25b33d15fa1d4c20"
"E:\AntigravitiProgetti\CompendioTheWitcher\_tools\src-packs\EQUIPAGGIAMENTO\base\witcher-armor\Armatura_della_Lumaca_xw4u3i7psowhis32.json","xw4u3i7psowhis32"
"E:\AntigravitiProgetti\CompendioTheWitcher\_tools\src-packs\EQUIPAGGIAMENTO\base\witcher-armor\Armatura_della_Manticora_bz4jwuwqidv3ww8g.json","bz4jwuwqidv3ww8g"
"E:\AntigravitiProgetti\CompendioTheWitcher\_tools\src-packs\EQUIPAGGIAMENTO\base\witcher-armor\Armatura_della_Vipera_bukppvyvclyr9uqk.json","bukppvyvclyr9uqk"
"E:\AntigravitiProgetti\CompendioTheWitcher\_tools\src-packs\EQUIPAGGIAMENTO\base\witcher-armor\Armatura_dellOrso_jn9w0e016jtm62bq.json","jn9w0e016jtm62bq"
"E:\AntigravitiProgetti\CompendioTheWitcher\_tools\src-packs\EQUIPAGGIAMENTO\base\witcher-armor\Armatura_del_Gatto_kobcisq696q8zvl5.json","kobcisq696q8zvl5"
"E:\AntigravitiProgetti\CompendioTheWitcher\_tools\src-packs\EQUIPAGGIAMENTO\base\witcher-armor\Armatura_del_Grifone_ldy4e5lrkrrvsbxs.json","ldy4e5lrkrrvsbxs"
"E:\AntigravitiProgetti\CompendioTheWitcher\_tools\src-packs\EQUIPAGGIAMENTO\base\witcher-armor\Armatura_del_Lupo_o6hqy2mbkicx457g.json","o6hqy2mbkicx457g"
"E:\AntigravitiProgetti\CompendioTheWitcher\_tools\src-packs\EQUIPAGGIAMENTO\base\witcher-armor\Armatura_Pesante_di_Hindarsfjall_5db318389d2f4b48.json","5db318389d2f4b48"
"E:\AntigravitiProgetti\CompendioTheWitcher\_tools\src-packs\EQUIPAGGIAMENTO\base\witcher-armor\Bacinetto_Temeriano_12551b4429c74918.json","12551b4429c74918"
"E:\AntigravitiProgetti\CompendioTheWitcher\_tools\src-packs\EQUIPAGGIAMENTO\base\witcher-armor\Brache_a_Doppia_Trama_dc9fde1aa6b94b24.json","dc9fde1aa6b94b24"
"E:\AntigravitiProgetti\CompendioTheWitcher\_tools\src-packs\EQUIPAGGIAMENTO\base\witcher-armor\Brache_Corazzate_96e13315d29d466d.json","96e13315d29d466d"
"E:\AntigravitiProgetti\CompendioTheWitcher\_tools\src-packs\EQUIPAGGIAMENTO\base\witcher-armor\Brache_da_Cavallerizzo_5966d38dbaa245dd.json","5966d38dbaa245dd"
"E:\AntigravitiProgetti\CompendioTheWitcher\_tools\src-packs\EQUIPAGGIAMENTO\base\witcher-armor\Brache_di_Cuoio_Lyriane_5445e5664915423c.json","5445e5664915423c"
"E:\AntigravitiProgetti\CompendioTheWitcher\_tools\src-packs\EQUIPAGGIAMENTO\base\witcher-armor\Brache_Imbottite_0f36c33bb673419c.json","0f36c33bb673419c"
"E:\AntigravitiProgetti\CompendioTheWitcher\_tools\src-packs\EQUIPAGGIAMENTO\base\witcher-armor\Brigantina_1311af95fb794459.json","1311af95fb794459"
"E:\AntigravitiProgetti\CompendioTheWitcher\_tools\src-packs\EQUIPAGGIAMENTO\base\witcher-armor\Brocchiero_dAcciaio_4bccea9569cb471e.json","4bccea9569cb471e"
"E:\AntigravitiProgetti\CompendioTheWitcher\_tools\src-packs\EQUIPAGGIAMENTO\base\witcher-armor\Camaglio_88963c607dde4624.json","88963c607dde4624"
"E:\AntigravitiProgetti\CompendioTheWitcher\_tools\src-packs\EQUIPAGGIAMENTO\base\witcher-armor\Cappuccio_a_Doppia_Trama_26a5ecf364c04903.json","26a5ecf364c04903"
"E:\AntigravitiProgetti\CompendioTheWitcher\_tools\src-packs\EQUIPAGGIAMENTO\base\witcher-armor\Cappuccio_Corazzato_5908f0aa32a3481c.json","5908f0aa32a3481c"
"E:\AntigravitiProgetti\CompendioTheWitcher\_tools\src-packs\EQUIPAGGIAMENTO\base\witcher-armor\Cappuccio_da_Arciere_Verden_779074d9d8544651.json","779074d9d8544651"
"E:\AntigravitiProgetti\CompendioTheWitcher\_tools\src-packs\EQUIPAGGIAMENTO\base\witcher-armor\Elmo_a_Mezza_Maschera_1cf0d12c7c0c4a96.json","1cf0d12c7c0c4a96"
"E:\AntigravitiProgetti\CompendioTheWitcher\_tools\src-packs\EQUIPAGGIAMENTO\base\witcher-armor\Elmo_di_Skellige_251f3f3fe5714cd7.json","251f3f3fe5714cd7"
"E:\AntigravitiProgetti\CompendioTheWitcher\_tools\src-packs\EQUIPAGGIAMENTO\base\witcher-armor\Elmo_Nilfgaardiano_ad7a867d126246f0.json","ad7a867d126246f0"
"E:\AntigravitiProgetti\CompendioTheWitcher\_tools\src-packs\EQUIPAGGIAMENTO\base\witcher-armor\Gambali_di_Maglia_di_Hindarsfjall_85e958e2dba143c9.json","85e958e2dba143c9"
"E:\AntigravitiProgetti\CompendioTheWitcher\_tools\src-packs\EQUIPAGGIAMENTO\base\witcher-armor\Gambesone_15857f6ead814bc8.json","15857f6ead814bc8"
"E:\AntigravitiProgetti\CompendioTheWitcher\_tools\src-packs\EQUIPAGGIAMENTO\base\witcher-armor\Gambesone_Aedirniano_35fa0326be7e4799.json","35fa0326be7e4799"
"E:\AntigravitiProgetti\CompendioTheWitcher\_tools\src-packs\EQUIPAGGIAMENTO\base\witcher-armor\Gambesone_a_Doppia_Trama_0ab9221d175b467a.json","0ab9221d175b467a"
"E:\AntigravitiProgetti\CompendioTheWitcher\_tools\src-packs\EQUIPAGGIAMENTO\base\witcher-armor\Giubba_di_Cuoio_Lyriana_d4ee9209c1ea45c9.json","d4ee9209c1ea45c9"
"E:\AntigravitiProgetti\CompendioTheWitcher\_tools\src-packs\EQUIPAGGIAMENTO\base\witcher-armor\Grande_Elmo_28a42275e0294a03.json","28a42275e0294a03"
"E:\AntigravitiProgetti\CompendioTheWitcher\_tools\src-packs\EQUIPAGGIAMENTO\base\witcher-armor\Palvese_1d9b657ce3bc488e.json","1d9b657ce3bc488e"
"E:\AntigravitiProgetti\CompendioTheWitcher\_tools\src-packs\EQUIPAGGIAMENTO\base\witcher-armor\Palvese_Nilfgaardiano_9385cb1c78594f42.json","9385cb1c78594f42"
"E:\AntigravitiProgetti\CompendioTheWitcher\_tools\src-packs\EQUIPAGGIAMENTO\base\witcher-armor\Schinieri_di_Piastre_a193d292b83d491c.json","a193d292b83d491c"
"E:\AntigravitiProgetti\CompendioTheWitcher\_tools\src-packs\EQUIPAGGIAMENTO\base\witcher-armor\Schinieri_Nilfgaardiani_2af41ab1860f4397.json","2af41ab1860f4397"
"E:\AntigravitiProgetti\CompendioTheWitcher\_tools\src-packs\EQUIPAGGIAMENTO\base\witcher-armor\Schinieri_Redaniani_0c699eff0463498c.json","0c699eff0463498c"
"E:\AntigravitiProgetti\CompendioTheWitcher\_tools\src-packs\EQUIPAGGIAMENTO\base\witcher-armor\Scudo_dAcciaio_a_Goccia_6a75a26b4acf4556.json","6a75a26b4acf4556"
"E:\AntigravitiProgetti\CompendioTheWitcher\_tools\src-packs\EQUIPAGGIAMENTO\base\witcher-armor\Scudo_da_Razziatore_Skellige_18dddff08cf94cc5.json","18dddff08cf94cc5"
"E:\AntigravitiProgetti\CompendioTheWitcher\_tools\src-packs\EQUIPAGGIAMENTO\base\witcher-armor\Scudo_di_Cuoio_4d36f23940c749f6.json","4d36f23940c749f6"
"E:\AntigravitiProgetti\CompendioTheWitcher\_tools\src-packs\EQUIPAGGIAMENTO\base\witcher-armor\Scudo_Kaedweni_369b6baa241b4b57.json","369b6baa241b4b57"
"E:\AntigravitiProgetti\CompendioTheWitcher\_tools\src-packs\EQUIPAGGIAMENTO\base\witcher-armor\Scudo_Temeriano_970be8417e1c4200.json","970be8417e1c4200"
"E:\AntigravitiProgetti\CompendioTheWitcher\_tools\src-packs\EQUIPAGGIAMENTO\base\witcher-equipment\20m_di_Corda_6744066439faf25e.json","6744066439faf25e"
"E:\AntigravitiProgetti\CompendioTheWitcher\_tools\src-packs\EQUIPAGGIAMENTO\base\witcher-equipment\Abiti_Comuni_e596e64cca424489.json","e596e64cca424489"
"E:\AntigravitiProgetti\CompendioTheWitcher\_tools\src-packs\EQUIPAGGIAMENTO\base\witcher-equipment\Abiti_da_Furfante_bed44d8b7d4bb824.json","bed44d8b7d4bb824"
"E:\AntigravitiProgetti\CompendioTheWitcher\_tools\src-packs\EQUIPAGGIAMENTO\base\witcher-equipment\Abiti_Eleganti_dc594a01542be272.json","dc594a01542be272"
"E:\AntigravitiProgetti\CompendioTheWitcher\_tools\src-packs\EQUIPAGGIAMENTO\base\witcher-equipment\Abiti_per_Climi_Freddi_ba5f65a836de4eb6.json","ba5f65a836de4eb6"
"E:\AntigravitiProgetti\CompendioTheWitcher\_tools\src-packs\EQUIPAGGIAMENTO\base\witcher-equipment\Acciarino_2e7a4cde5b714ec2.json","2e7a4cde5b714ec2"
"E:\AntigravitiProgetti\CompendioTheWitcher\_tools\src-packs\EQUIPAGGIAMENTO\base\witcher-equipment\Alcohest_d682a5755bc14602.json","d682a5755bc14602"
"E:\AntigravitiProgetti\CompendioTheWitcher\_tools\src-packs\EQUIPAGGIAMENTO\base\witcher-equipment\Amuleto_con_Gemma_e409cd54ccdd5e1b.json","e409cd54ccdd5e1b"
"E:\AntigravitiProgetti\CompendioTheWitcher\_tools\src-packs\EQUIPAGGIAMENTO\base\witcher-equipment\Amuleto_Semplice_7154dad58f595fe8.json","7154dad58f595fe8"
"E:\AntigravitiProgetti\CompendioTheWitcher\_tools\src-packs\EQUIPAGGIAMENTO\base\witcher-equipment\Arnesi_da_Scasso_0fef46fca9c86760.json","0fef46fca9c86760"
"E:\AntigravitiProgetti\CompendioTheWitcher\_tools\src-packs\EQUIPAGGIAMENTO\base\witcher-equipment\Artigiano_dda3513924004a52.json","dda3513924004a52"
"E:\AntigravitiProgetti\CompendioTheWitcher\_tools\src-packs\EQUIPAGGIAMENTO\base\witcher-equipment\Arto_Artificiale_87b0d7a95b375f04.json","87b0d7a95b375f04"
"E:\AntigravitiProgetti\CompendioTheWitcher\_tools\src-packs\EQUIPAGGIAMENTO\base\witcher-equipment\Arto_Artificiale_di_Qualit?_b81eec29f7eb6759.json","b81eec29f7eb6759"
"E:\AntigravitiProgetti\CompendioTheWitcher\_tools\src-packs\EQUIPAGGIAMENTO\base\witcher-equipment\Attrezzatura_Alchemica_7e2017507b818aa4.json","7e2017507b818aa4"
"E:\AntigravitiProgetti\CompendioTheWitcher\_tools\src-packs\EQUIPAGGIAMENTO\base\witcher-equipment\Attrezzatura_da_Pesca_082aece2906976b9.json","082aece2906976b9"
"E:\AntigravitiProgetti\CompendioTheWitcher\_tools\src-packs\EQUIPAGGIAMENTO\base\witcher-equipment\Avvocato_16fabfa87cd946d0.json","16fabfa87cd946d0"
"E:\AntigravitiProgetti\CompendioTheWitcher\_tools\src-packs\EQUIPAGGIAMENTO\base\witcher-equipment\Bagno_Caldo_65870f45a04244b4.json","65870f45a04244b4"
"E:\AntigravitiProgetti\CompendioTheWitcher\_tools\src-packs\EQUIPAGGIAMENTO\base\witcher-equipment\Bagno_Freddo_9034145cef2525af.json","9034145cef2525af"
"E:\AntigravitiProgetti\CompendioTheWitcher\_tools\src-packs\EQUIPAGGIAMENTO\base\witcher-equipment\Banchetto_23e728cb1fb44c9f.json","23e728cb1fb44c9f"
"E:\AntigravitiProgetti\CompendioTheWitcher\_tools\src-packs\EQUIPAGGIAMENTO\base\witcher-equipment\Bandoliera_0c8a4f4b806b4703.json","0c8a4f4b806b4703"
"E:\AntigravitiProgetti\CompendioTheWitcher\_tools\src-packs\EQUIPAGGIAMENTO\base\witcher-equipment\Birra_0045d0aff6a64de6.json","0045d0aff6a64de6"
"E:\AntigravitiProgetti\CompendioTheWitcher\_tools\src-packs\EQUIPAGGIAMENTO\base\witcher-equipment\Borraccia_2b44f63879f1469d.json","2b44f63879f1469d"
"E:\AntigravitiProgetti\CompendioTheWitcher\_tools\src-packs\EQUIPAGGIAMENTO\base\witcher-equipment\Borsello_d811f31a133f4c9a.json","d811f31a133f4c9a"
"E:\AntigravitiProgetti\CompendioTheWitcher\_tools\src-packs\EQUIPAGGIAMENTO\base\witcher-equipment\Buon_Pasto_3d3cb5612735cbc1.json","3d3cb5612735cbc1"
"E:\AntigravitiProgetti\CompendioTheWitcher\_tools\src-packs\EQUIPAGGIAMENTO\base\witcher-equipment\Candele_5_2dbbeeaa6ab742e8.json","2dbbeeaa6ab742e8"
"E:\AntigravitiProgetti\CompendioTheWitcher\_tools\src-packs\EQUIPAGGIAMENTO\base\witcher-equipment\Carne_Cruda_b193ed0c276adc71.json","b193ed0c276adc71"
"E:\AntigravitiProgetti\CompendioTheWitcher\_tools\src-packs\EQUIPAGGIAMENTO\base\witcher-equipment\Cavallo_Noleggiato_0476fc1b767592fa.json","0476fc1b767592fa"
"E:\AntigravitiProgetti\CompendioTheWitcher\_tools\src-packs\EQUIPAGGIAMENTO\base\witcher-equipment\Ceppi_0331c9f01c634935.json","0331c9f01c634935"
"E:\AntigravitiProgetti\CompendioTheWitcher\_tools\src-packs\EQUIPAGGIAMENTO\base\witcher-equipment\Cesta_3809d2319b3a4e45.json","3809d2319b3a4e45"
"E:\AntigravitiProgetti\CompendioTheWitcher\_tools\src-packs\EQUIPAGGIAMENTO\base\witcher-equipment\Clessidra_1c7a22fb25ab4db2.json","1c7a22fb25ab4db2"
"E:\AntigravitiProgetti\CompendioTheWitcher\_tools\src-packs\EQUIPAGGIAMENTO\base\witcher-equipment\Clessidra_minuscola_8f6e57c5b20b6012.json","8f6e57c5b20b6012"
"E:\AntigravitiProgetti\CompendioTheWitcher\_tools\src-packs\EQUIPAGGIAMENTO\base\witcher-equipment\Cronista_05554aff6d3442c6.json","05554aff6d3442c6"
"E:\AntigravitiProgetti\CompendioTheWitcher\_tools\src-packs\EQUIPAGGIAMENTO\base\witcher-equipment\Custodia_per_Arco_00cf2898878221ef.json","00cf2898878221ef"
"E:\AntigravitiProgetti\CompendioTheWitcher\_tools\src-packs\EQUIPAGGIAMENTO\base\witcher-equipment\Dadi_truccati_d95c9ecea60556d3.json","d95c9ecea60556d3"
"E:\AntigravitiProgetti\CompendioTheWitcher\_tools\src-packs\EQUIPAGGIAMENTO\base\witcher-equipment\Diario_-_Libro_Mastro_b59de88fc253d2b4.json","b59de88fc253d2b4"
"E:\AntigravitiProgetti\CompendioTheWitcher\_tools\src-packs\EQUIPAGGIAMENTO\base\witcher-equipment\Dolciumi_554962849e194aef.json","554962849e194aef"
"E:\AntigravitiProgetti\CompendioTheWitcher\_tools\src-packs\EQUIPAGGIAMENTO\base\witcher-equipment\Fodero_da_Giarrettiera_a5d0ee86077ca5b2.json","a5d0ee86077ca5b2"
"E:\AntigravitiProgetti\CompendioTheWitcher\_tools\src-packs\EQUIPAGGIAMENTO\base\witcher-equipment\Fodero_da_Manica_8895e74071cee398.json","8895e74071cee398"
"E:\AntigravitiProgetti\CompendioTheWitcher\_tools\src-packs\EQUIPAGGIAMENTO\base\witcher-equipment\Forgia_Portatile_2b659eb0a0cbd8f1.json","2b659eb0a0cbd8f1"
"E:\AntigravitiProgetti\CompendioTheWitcher\_tools\src-packs\EQUIPAGGIAMENTO\base\witcher-equipment\Forziere_di_Legno_e2a64d611ed035b7.json","e2a64d611ed035b7"
"E:\AntigravitiProgetti\CompendioTheWitcher\_tools\src-packs\EQUIPAGGIAMENTO\base\witcher-equipment\Galoppino_5cb644ff346d42ab.json","5cb644ff346d42ab"
"E:\AntigravitiProgetti\CompendioTheWitcher\_tools\src-packs\EQUIPAGGIAMENTO\base\witcher-equipment\Gessetto_3b76ad30a3e1424a.json","3b76ad30a3e1424a"
"E:\AntigravitiProgetti\CompendioTheWitcher\_tools\src-packs\EQUIPAGGIAMENTO\base\witcher-equipment\Giaciglio_0825956a16624c35.json","0825956a16624c35"
"E:\AntigravitiProgetti\CompendioTheWitcher\_tools\src-packs\EQUIPAGGIAMENTO\base\witcher-equipment\Gioielli_2c7ba231626d4418.json","2c7ba231626d4418"
"E:\AntigravitiProgetti\CompendioTheWitcher\_tools\src-packs\EQUIPAGGIAMENTO\base\witcher-equipment\Giro_in_Carrozza_eb67f269cf3767f3.json","eb67f269cf3767f3"
"E:\AntigravitiProgetti\CompendioTheWitcher\_tools\src-packs\EQUIPAGGIAMENTO\base\witcher-equipment\Incerata_15194ac65ebc4309.json","15194ac65ebc4309"
"E:\AntigravitiProgetti\CompendioTheWitcher\_tools\src-packs\EQUIPAGGIAMENTO\base\witcher-equipment\Intrattenimento_7c2159f96b11eddd.json","7c2159f96b11eddd"
"E:\AntigravitiProgetti\CompendioTheWitcher\_tools\src-packs\EQUIPAGGIAMENTO\base\witcher-equipment\Investigatore_2f87986005e64ff4.json","2f87986005e64ff4"
"E:\AntigravitiProgetti\CompendioTheWitcher\_tools\src-packs\EQUIPAGGIAMENTO\base\witcher-equipment\Kit_da_Falsario_f514d65de60a299e.json","f514d65de60a299e"
"E:\AntigravitiProgetti\CompendioTheWitcher\_tools\src-packs\EQUIPAGGIAMENTO\base\witcher-equipment\Kit_per_il_Camuffamento_b973d8bfd6a59942.json","b973d8bfd6a59942"
"E:\AntigravitiProgetti\CompendioTheWitcher\_tools\src-packs\EQUIPAGGIAMENTO\base\witcher-equipment\Kit_per_il_Trucco_2fc480e21c5b4d57.json","2fc480e21c5b4d57"
"E:\AntigravitiProgetti\CompendioTheWitcher\_tools\src-packs\EQUIPAGGIAMENTO\base\witcher-equipment\Lanterna_903b1aee31c44aaf.json","903b1aee31c44aaf"
"E:\AntigravitiProgetti\CompendioTheWitcher\_tools\src-packs\EQUIPAGGIAMENTO\base\witcher-equipment\Lanterna_Schermata_a6555b826b91bdc7.json","a6555b826b91bdc7"
"E:\AntigravitiProgetti\CompendioTheWitcher\_tools\src-packs\EQUIPAGGIAMENTO\base\witcher-equipment\Lavanderia_90536d53a756471d.json","90536d53a756471d"
"E:\AntigravitiProgetti\CompendioTheWitcher\_tools\src-packs\EQUIPAGGIAMENTO\base\witcher-equipment\Lucchetto_af9dcffda35e446c.json","af9dcffda35e446c"
"E:\AntigravitiProgetti\CompendioTheWitcher\_tools\src-packs\EQUIPAGGIAMENTO\base\witcher-equipment\Lucchetto_Robusto_63f86bddf3b2af43.json","63f86bddf3b2af43"
"E:\AntigravitiProgetti\CompendioTheWitcher\_tools\src-packs\EQUIPAGGIAMENTO\base\witcher-equipment\Manette_012e9b2163804939.json","012e9b2163804939"
"E:\AntigravitiProgetti\CompendioTheWitcher\_tools\src-packs\EQUIPAGGIAMENTO\base\witcher-equipment\Mappa_del_Continente_2eb543cf37545f3a.json","2eb543cf37545f3a"
"E:\AntigravitiProgetti\CompendioTheWitcher\_tools\src-packs\EQUIPAGGIAMENTO\base\witcher-equipment\Mazzo_di_Gwent_855d242ff1206845.json","855d242ff1206845"
"E:\AntigravitiProgetti\CompendioTheWitcher\_tools\src-packs\EQUIPAGGIAMENTO\base\witcher-equipment\Medico_7ec8a90ac1d79862.json","7ec8a90ac1d79862"
"E:\AntigravitiProgetti\CompendioTheWitcher\_tools\src-packs\EQUIPAGGIAMENTO\base\witcher-equipment\Messaggero_a93f7606b2a742c6.json","a93f7606b2a742c6"
"E:\AntigravitiProgetti\CompendioTheWitcher\_tools\src-packs\EQUIPAGGIAMENTO\base\witcher-equipment\Occorrente_per_Scrivere_7f0e91b83500995e.json","7f0e91b83500995e"
"E:\AntigravitiProgetti\CompendioTheWitcher\_tools\src-packs\EQUIPAGGIAMENTO\base\witcher-equipment\Paglia_sul_Pavimento_3b88c9437acfb438.json","3b88c9437acfb438"
"E:\AntigravitiProgetti\CompendioTheWitcher\_tools\src-packs\EQUIPAGGIAMENTO\base\witcher-equipment\Pasto_Semplice_b6ee0b090a412f5e.json","b6ee0b090a412f5e"
"E:\AntigravitiProgetti\CompendioTheWitcher\_tools\src-packs\EQUIPAGGIAMENTO\base\witcher-equipment\Pedaggio_di_Accesso_6decda85e94594ed.json","6decda85e94594ed"
"E:\AntigravitiProgetti\CompendioTheWitcher\_tools\src-packs\EQUIPAGGIAMENTO\base\witcher-equipment\Picchetti_5_1267697207ac492c.json","1267697207ac492c"
"E:\AntigravitiProgetti\CompendioTheWitcher\_tools\src-packs\EQUIPAGGIAMENTO\base\witcher-equipment\Pipa_6590330f21dc441d.json","6590330f21dc441d"
"E:\AntigravitiProgetti\CompendioTheWitcher\_tools\src-packs\EQUIPAGGIAMENTO\base\witcher-equipment\Plancia_da_Poker_con_Dadi_0fecb247b05c8e55.json","0fecb247b05c8e55"
"E:\AntigravitiProgetti\CompendioTheWitcher\_tools\src-packs\EQUIPAGGIAMENTO\base\witcher-equipment\Profumo_-_Acqua_di_Colonia_9813c3ad8c118fde.json","9813c3ad8c118fde"
"E:\AntigravitiProgetti\CompendioTheWitcher\_tools\src-packs\EQUIPAGGIAMENTO\base\witcher-equipment\Prostituta_f00be6bd9788f9b9.json","f00be6bd9788f9b9"
"E:\AntigravitiProgetti\CompendioTheWitcher\_tools\src-packs\EQUIPAGGIAMENTO\base\witcher-equipment\Rampino_773afe5f357947b7.json","773afe5f357947b7"
"E:\AntigravitiProgetti\CompendioTheWitcher\_tools\src-packs\EQUIPAGGIAMENTO\base\witcher-equipment\Razioni_da_Viaggio_8c1fc4ca62f8d45e.json","8c1fc4ca62f8d45e"
"E:\AntigravitiProgetti\CompendioTheWitcher\_tools\src-packs\EQUIPAGGIAMENTO\base\witcher-equipment\Ricettatore_c6b5ed14eda9e0c6.json","c6b5ed14eda9e0c6"
"E:\AntigravitiProgetti\CompendioTheWitcher\_tools\src-packs\EQUIPAGGIAMENTO\base\witcher-equipment\Sacca_da_Viaggio_9011460d40f773a0.json","9011460d40f773a0"
"E:\AntigravitiProgetti\CompendioTheWitcher\_tools\src-packs\EQUIPAGGIAMENTO\base\witcher-equipment\Sacco_81c2ab1ca91a40e7.json","81c2ab1ca91a40e7"
"E:\AntigravitiProgetti\CompendioTheWitcher\_tools\src-packs\EQUIPAGGIAMENTO\base\witcher-equipment\Sapone_8a9850e62169431f.json","8a9850e62169431f"
"E:\AntigravitiProgetti\CompendioTheWitcher\_tools\src-packs\EQUIPAGGIAMENTO\base\witcher-equipment\Scrigno_di_Legno_edb3a5939fc8691c.json","edb3a5939fc8691c"
"E:\AntigravitiProgetti\CompendioTheWitcher\_tools\src-packs\EQUIPAGGIAMENTO\base\witcher-equipment\Simbolo_Sacro_9122c168f86b758b.json","9122c168f86b758b"
"E:\AntigravitiProgetti\CompendioTheWitcher\_tools\src-packs\EQUIPAGGIAMENTO\base\witcher-equipment\Specchietto_79aef608f05c4909.json","79aef608f05c4909"
"E:\AntigravitiProgetti\CompendioTheWitcher\_tools\src-packs\EQUIPAGGIAMENTO\base\witcher-equipment\Stallaggio_6d05e6eb55e24635.json","6d05e6eb55e24635"
"E:\AntigravitiProgetti\CompendioTheWitcher\_tools\src-packs\EQUIPAGGIAMENTO\base\witcher-equipment\Stanza_in_Locanda_d'Alta_Classe_8206866faea6b020.json","8206866faea6b020"
"E:\AntigravitiProgetti\CompendioTheWitcher\_tools\src-packs\EQUIPAGGIAMENTO\base\witcher-equipment\Stanza_in_Locanda_di_Qualit?_82cb6f3fb5cdec93.json","82cb6f3fb5cdec93"
"E:\AntigravitiProgetti\CompendioTheWitcher\_tools\src-packs\EQUIPAGGIAMENTO\base\witcher-equipment\Stanza_in_Locanda_Economica_f7a9f92884553cff.json","f7a9f92884553cff"
"E:\AntigravitiProgetti\CompendioTheWitcher\_tools\src-packs\EQUIPAGGIAMENTO\base\witcher-equipment\Stanza_in_Locanda_Malfamata_12462827e82ae2a0.json","12462827e82ae2a0"
"E:\AntigravitiProgetti\CompendioTheWitcher\_tools\src-packs\EQUIPAGGIAMENTO\base\witcher-equipment\Stanza_in_Locanda_Media_b34c402f07113f1f.json","b34c402f07113f1f"
"E:\AntigravitiProgetti\CompendioTheWitcher\_tools\src-packs\EQUIPAGGIAMENTO\base\witcher-equipment\Strumenti_Chirurgici_a31b8d623c375e13.json","a31b8d623c375e13"
"E:\AntigravitiProgetti\CompendioTheWitcher\_tools\src-packs\EQUIPAGGIAMENTO\base\witcher-equipment\Strumenti_per_le_Belle_Arti_89831d4c8036eac0.json","89831d4c8036eac0"
"E:\AntigravitiProgetti\CompendioTheWitcher\_tools\src-packs\EQUIPAGGIAMENTO\base\witcher-equipment\Strumento_Musicale_f32ae72e4dc0c34a.json","f32ae72e4dc0c34a"
"E:\AntigravitiProgetti\CompendioTheWitcher\_tools\src-packs\EQUIPAGGIAMENTO\base\witcher-equipment\Superalcolici_478dec7fc63947bd.json","478dec7fc63947bd"
"E:\AntigravitiProgetti\CompendioTheWitcher\_tools\src-packs\EQUIPAGGIAMENTO\base\witcher-equipment\Tabacco_d17e49d02704585c.json","d17e49d02704585c"
"E:\AntigravitiProgetti\CompendioTheWitcher\_tools\src-packs\EQUIPAGGIAMENTO\base\witcher-equipment\Tasca_Segreta_3a3fa476fef7faeb.json","3a3fa476fef7faeb"
"E:\AntigravitiProgetti\CompendioTheWitcher\_tools\src-packs\EQUIPAGGIAMENTO\base\witcher-equipment\Telecomunicatore_5197766fa27664ae.json","5197766fa27664ae"
"E:\AntigravitiProgetti\CompendioTheWitcher\_tools\src-packs\EQUIPAGGIAMENTO\base\witcher-equipment\Tenda_14f28d56b364430a.json","14f28d56b364430a"
"E:\AntigravitiProgetti\CompendioTheWitcher\_tools\src-packs\EQUIPAGGIAMENTO\base\witcher-equipment\Tenda_Grande_5d26771501f825a4.json","5d26771501f825a4"
"E:\AntigravitiProgetti\CompendioTheWitcher\_tools\src-packs\EQUIPAGGIAMENTO\base\witcher-equipment\Torcia_0d967751899447df.json","0d967751899447df"
"E:\AntigravitiProgetti\CompendioTheWitcher\_tools\src-packs\EQUIPAGGIAMENTO\base\witcher-equipment\Traversata_per_Mare_7492f6cc710a5fd0.json","7492f6cc710a5fd0"
"E:\AntigravitiProgetti\CompendioTheWitcher\_tools\src-packs\EQUIPAGGIAMENTO\base\witcher-equipment\Utensili_da_Armaiolo_99a13b69ce308173.json","99a13b69ce308173"
"E:\AntigravitiProgetti\CompendioTheWitcher\_tools\src-packs\EQUIPAGGIAMENTO\base\witcher-equipment\Utensili_da_Cucina_f6fb2ac7dd7afac0.json","f6fb2ac7dd7afac0"
"E:\AntigravitiProgetti\CompendioTheWitcher\_tools\src-packs\EQUIPAGGIAMENTO\base\witcher-equipment\Utensili_da_Mercante_aecd9fb25eaebbc9.json","aecd9fb25eaebbc9"
"E:\AntigravitiProgetti\CompendioTheWitcher\_tools\src-packs\EQUIPAGGIAMENTO\base\witcher-equipment\Vino_22be463f18e9472d.json","22be463f18e9472d"
"E:\AntigravitiProgetti\CompendioTheWitcher\_tools\src-packs\EQUIPAGGIAMENTO\base\witcher-special\Anti-Ancestrali_01897166528f04c2.json","01897166528f04c2"
"E:\AntigravitiProgetti\CompendioTheWitcher\_tools\src-packs\EQUIPAGGIAMENTO\base\witcher-special\Anti-Bestie_be0449da77ab5136.json","be0449da77ab5136"
"E:\AntigravitiProgetti\CompendioTheWitcher\_tools\src-packs\EQUIPAGGIAMENTO\base\witcher-special\Anti-Costrutti_dd75a029513af7f7.json","dd75a029513af7f7"
"E:\AntigravitiProgetti\CompendioTheWitcher\_tools\src-packs\EQUIPAGGIAMENTO\base\witcher-special\Anti-Dragonidi_6d4f3bc2cbeec9ef.json","6d4f3bc2cbeec9ef"
"E:\AntigravitiProgetti\CompendioTheWitcher\_tools\src-packs\EQUIPAGGIAMENTO\base\witcher-special\Anti-Ibridi_960d1a617e2a6847.json","960d1a617e2a6847"
"E:\AntigravitiProgetti\CompendioTheWitcher\_tools\src-packs\EQUIPAGGIAMENTO\base\witcher-special\Anti-Insettoidi_38a76fa165a6de46.json","38a76fa165a6de46"
"E:\AntigravitiProgetti\CompendioTheWitcher\_tools\src-packs\EQUIPAGGIAMENTO\base\witcher-special\Anti-Maledetti_69e7c869d29dc1bd.json","69e7c869d29dc1bd"
"E:\AntigravitiProgetti\CompendioTheWitcher\_tools\src-packs\EQUIPAGGIAMENTO\base\witcher-special\Anti-Necrofagi_6ea0fdab22fb013d.json","6ea0fdab22fb013d"
"E:\AntigravitiProgetti\CompendioTheWitcher\_tools\src-packs\EQUIPAGGIAMENTO\base\witcher-special\Anti-Orchi_071d9c96f5e1cfa0.json","071d9c96f5e1cfa0"
"E:\AntigravitiProgetti\CompendioTheWitcher\_tools\src-packs\EQUIPAGGIAMENTO\base\witcher-special\Anti-Spettri_e1d78826b093f749.json","e1d78826b093f749"
"E:\AntigravitiProgetti\CompendioTheWitcher\_tools\src-packs\EQUIPAGGIAMENTO\base\witcher-special\Anti-Vampiri_a8c209f3b5cbf95b.json","a8c209f3b5cbf95b"
"E:\AntigravitiProgetti\CompendioTheWitcher\_tools\src-packs\EQUIPAGGIAMENTO\base\witcher-special\Bufera_di_Neve_e7aaff60fbed4515.json","e7aaff60fbed4515"
"E:\AntigravitiProgetti\CompendioTheWitcher\_tools\src-packs\EQUIPAGGIAMENTO\base\witcher-special\Decotto_di_Arachas_d50584482790f08b.json","d50584482790f08b"
"E:\AntigravitiProgetti\CompendioTheWitcher\_tools\src-packs\EQUIPAGGIAMENTO\base\witcher-special\Decotto_di_Demonio_e1a91e26b2f7a0e9.json","e1a91e26b2f7a0e9"
"E:\AntigravitiProgetti\CompendioTheWitcher\_tools\src-packs\EQUIPAGGIAMENTO\base\witcher-special\Decotto_di_Grifone_1acd4e9304c97f59.json","1acd4e9304c97f59"
"E:\AntigravitiProgetti\CompendioTheWitcher\_tools\src-packs\EQUIPAGGIAMENTO\base\witcher-special\Decotto_di_Katakan_c10f7fbe93bb84ac.json","c10f7fbe93bb84ac"
"E:\AntigravitiProgetti\CompendioTheWitcher\_tools\src-packs\EQUIPAGGIAMENTO\base\witcher-special\Decotto_di_Lupo_Mannaro_54dcde0c0887499f.json","54dcde0c0887499f"
"E:\AntigravitiProgetti\CompendioTheWitcher\_tools\src-packs\EQUIPAGGIAMENTO\base\witcher-special\Decotto_di_Nekker_fa92c34dc03e5864.json","fa92c34dc03e5864"
"E:\AntigravitiProgetti\CompendioTheWitcher\_tools\src-packs\EQUIPAGGIAMENTO\base\witcher-special\Decotto_di_Strega_dei_Sepolcri_d39c8fd2bf6a3959.json","d39c8fd2bf6a3959"
"E:\AntigravitiProgetti\CompendioTheWitcher\_tools\src-packs\EQUIPAGGIAMENTO\base\witcher-special\Decotto_di_Troll_305e5eb931330f7c.json","305e5eb931330f7c"
"E:\AntigravitiProgetti\CompendioTheWitcher\_tools\src-packs\EQUIPAGGIAMENTO\base\witcher-special\Decotto_di_Viverna_5f32ef44d5307b90.json","5f32ef44d5307b90"
"E:\AntigravitiProgetti\CompendioTheWitcher\_tools\src-packs\EQUIPAGGIAMENTO\base\witcher-special\Decotto_di_Wraith_Diurno_e906e2c6d8e60fc9.json","e906e2c6d8e60fc9"
"E:\AntigravitiProgetti\CompendioTheWitcher\_tools\src-packs\EQUIPAGGIAMENTO\base\witcher-special\Filtro_di_Petri_ebb731ef647a9ae8.json","ebb731ef647a9ae8"
"E:\AntigravitiProgetti\CompendioTheWitcher\_tools\src-packs\EQUIPAGGIAMENTO\base\witcher-special\Foresta_di_Maribor_95686235acccb8bb.json","95686235acccb8bb"
"E:\AntigravitiProgetti\CompendioTheWitcher\_tools\src-packs\EQUIPAGGIAMENTO\base\witcher-special\Gatto_7ef47a8e26ccade9.json","7ef47a8e26ccade9"
"E:\AntigravitiProgetti\CompendioTheWitcher\_tools\src-packs\EQUIPAGGIAMENTO\base\witcher-special\Gufo_Fulvo_7c14884813d01892.json","7c14884813d01892"
"E:\AntigravitiProgetti\CompendioTheWitcher\_tools\src-packs\EQUIPAGGIAMENTO\base\witcher-special\Luna_Piena_5846886fdf059329.json","5846886fdf059329"
"E:\AntigravitiProgetti\CompendioTheWitcher\_tools\src-packs\EQUIPAGGIAMENTO\base\witcher-special\Medaglione_da_Witcher_d8953dd21b37d036.json","d8953dd21b37d036"
"E:\AntigravitiProgetti\CompendioTheWitcher\_tools\src-packs\EQUIPAGGIAMENTO\base\witcher-special\Miele_Bianco_795c57fc484a8ddc.json","795c57fc484a8ddc"
"E:\AntigravitiProgetti\CompendioTheWitcher\_tools\src-packs\EQUIPAGGIAMENTO\base\witcher-special\Orca_Assassina_16f2284f9b0e8d8b.json","16f2284f9b0e8d8b"
"E:\AntigravitiProgetti\CompendioTheWitcher\_tools\src-packs\EQUIPAGGIAMENTO\base\witcher-special\Rigogolo_Dorato_8253181f79f2c0c1.json","8253181f79f2c0c1"
"E:\AntigravitiProgetti\CompendioTheWitcher\_tools\src-packs\EQUIPAGGIAMENTO\base\witcher-special\Rondine_0632dbfb490dee6d.json","0632dbfb490dee6d"
"E:\AntigravitiProgetti\CompendioTheWitcher\_tools\src-packs\EQUIPAGGIAMENTO\base\witcher-special\Sangue_Nero_e4449d568b409a4c.json","e4449d568b409a4c"
"E:\AntigravitiProgetti\CompendioTheWitcher\_tools\src-packs\EQUIPAGGIAMENTO\base\witcher-special\Spada_dacciaio_da_witcher_b8b690f688a77656.json","b8b690f688a77656"
"E:\AntigravitiProgetti\CompendioTheWitcher\_tools\src-packs\EQUIPAGGIAMENTO\base\witcher-special\Spada_dargento_da_witcher_98a5095142388ea4.json","98a5095142388ea4"
"E:\AntigravitiProgetti\CompendioTheWitcher\_tools\src-packs\EQUIPAGGIAMENTO\base\witcher-special\Tuono_80ee7ddf323e4673.json","80ee7ddf323e4673"
"E:\AntigravitiProgetti\CompendioTheWitcher\_tools\src-packs\EQUIPAGGIAMENTO\base\witcher-special\Veleno_dellImpiccato_461854b6b771fa89.json","461854b6b771fa89"
"E:\AntigravitiProgetti\CompendioTheWitcher\_tools\src-packs\EQUIPAGGIAMENTO\base\witcher-transports\Barca_a_Vela_ddc6e01ba5218463.json","ddc6e01ba5218463"
"E:\AntigravitiProgetti\CompendioTheWitcher\_tools\src-packs\EQUIPAGGIAMENTO\base\witcher-transports\Bardatura_di_Cuoio_9cdf4fc33ff58e52.json","9cdf4fc33ff58e52"
"E:\AntigravitiProgetti\CompendioTheWitcher\_tools\src-packs\EQUIPAGGIAMENTO\base\witcher-transports\Bardatura_di_Maglia_di_Ferro_3e9f20c8a114a12d.json","3e9f20c8a114a12d"
"E:\AntigravitiProgetti\CompendioTheWitcher\_tools\src-packs\EQUIPAGGIAMENTO\base\witcher-transports\Bisacce_b448029bd8e3a4f8.json","b448029bd8e3a4f8"
"E:\AntigravitiProgetti\CompendioTheWitcher\_tools\src-packs\EQUIPAGGIAMENTO\base\witcher-transports\Bisacce_Militari_7b01483ef668ccd3.json","7b01483ef668ccd3"
"E:\AntigravitiProgetti\CompendioTheWitcher\_tools\src-packs\EQUIPAGGIAMENTO\base\witcher-transports\Bue_9b617ae1c204253b.json","9b617ae1c204253b"
"E:\AntigravitiProgetti\CompendioTheWitcher\_tools\src-packs\EQUIPAGGIAMENTO\base\witcher-transports\Carrozza_d785eacf9fd40e0b.json","d785eacf9fd40e0b"
"E:\AntigravitiProgetti\CompendioTheWitcher\_tools\src-packs\EQUIPAGGIAMENTO\base\witcher-transports\Carro_33e07d1c617174f0.json","33e07d1c617174f0"
"E:\AntigravitiProgetti\CompendioTheWitcher\_tools\src-packs\EQUIPAGGIAMENTO\base\witcher-transports\Cavallo_123df63708a14c79.json","123df63708a14c79"
"E:\AntigravitiProgetti\CompendioTheWitcher\_tools\src-packs\EQUIPAGGIAMENTO\base\witcher-transports\Cavallo_da_Guerra_ed2073af118145ee.json","ed2073af118145ee"
"E:\AntigravitiProgetti\CompendioTheWitcher\_tools\src-packs\EQUIPAGGIAMENTO\base\witcher-transports\Cutter_barca_8a0762370e4fa73f.json","8a0762370e4fa73f"
"E:\AntigravitiProgetti\CompendioTheWitcher\_tools\src-packs\EQUIPAGGIAMENTO\base\witcher-transports\Mulo_a2528405116aa117.json","a2528405116aa117"
"E:\AntigravitiProgetti\CompendioTheWitcher\_tools\src-packs\EQUIPAGGIAMENTO\base\witcher-transports\Nave_a_Vela_44e2a65000502ab3.json","44e2a65000502ab3"
"E:\AntigravitiProgetti\CompendioTheWitcher\_tools\src-packs\EQUIPAGGIAMENTO\base\witcher-transports\Paraocchi_9afc4de06080b8e3.json","9afc4de06080b8e3"
"E:\AntigravitiProgetti\CompendioTheWitcher\_tools\src-packs\EQUIPAGGIAMENTO\base\witcher-transports\Paraocchi_da_Corsa_25c1c9e6f2029e8d.json","25c1c9e6f2029e8d"
"E:\AntigravitiProgetti\CompendioTheWitcher\_tools\src-packs\EQUIPAGGIAMENTO\base\witcher-transports\Sella_da_Cavalleria_e9c783549f6bb94b.json","e9c783549f6bb94b"
"E:\AntigravitiProgetti\CompendioTheWitcher\_tools\src-packs\EQUIPAGGIAMENTO\base\witcher-transports\Sella_da_Corsa_a3e78b9256db97b7.json","a3e78b9256db97b7"
"E:\AntigravitiProgetti\CompendioTheWitcher\_tools\src-packs\EQUIPAGGIAMENTO\base\witcher-transports\Sella_ef5c5e5ae0defac6.json","ef5c5e5ae0defac6"
"E:\AntigravitiProgetti\CompendioTheWitcher\_tools\src-packs\EQUIPAGGIAMENTO\base\witcher-weapons\Accetta_022f99d584a84f5e.json","022f99d584a84f5e"
"E:\AntigravitiProgetti\CompendioTheWitcher\_tools\src-packs\EQUIPAGGIAMENTO\base\witcher-weapons\Alabarda_Rossa_857219f18f1f4691.json","857219f18f1f4691"
"E:\AntigravitiProgetti\CompendioTheWitcher\_tools\src-packs\EQUIPAGGIAMENTO\base\witcher-weapons\Arco_Corto_05729cdd8b8e4b31.json","05729cdd8b8e4b31"
"E:\AntigravitiProgetti\CompendioTheWitcher\_tools\src-packs\EQUIPAGGIAMENTO\base\witcher-weapons\Arco_da_Guerra_34b85896699c4c74.json","34b85896699c4c74"
"E:\AntigravitiProgetti\CompendioTheWitcher\_tools\src-packs\EQUIPAGGIAMENTO\base\witcher-weapons\Arco_da_Viaggio_Elfico_00f3ff9d48b2ad48.json","00f3ff9d48b2ad48"
"E:\AntigravitiProgetti\CompendioTheWitcher\_tools\src-packs\EQUIPAGGIAMENTO\base\witcher-weapons\Arco_Lunare_7a8b9c0d1e2f3a4b.json","7a8b9c0d1e2f3a4b"
"E:\AntigravitiProgetti\CompendioTheWitcher\_tools\src-packs\EQUIPAGGIAMENTO\base\witcher-weapons\Arco_Lungo_0678c7fef48542fe.json","0678c7fef48542fe"
"E:\AntigravitiProgetti\CompendioTheWitcher\_tools\src-packs\EQUIPAGGIAMENTO\base\witcher-weapons\Ascia_da_Battaglia_a2598bdcb027404b.json","a2598bdcb027404b"
"E:\AntigravitiProgetti\CompendioTheWitcher\_tools\src-packs\EQUIPAGGIAMENTO\base\witcher-weapons\Ascia_da_Berserker_4382864124ce4ea9.json","4382864124ce4ea9"
"E:\AntigravitiProgetti\CompendioTheWitcher\_tools\src-packs\EQUIPAGGIAMENTO\base\witcher-weapons\Ascia_da_Lancio_e0693361f0404e5f.json","e0693361f0404e5f"
"E:\AntigravitiProgetti\CompendioTheWitcher\_tools\src-packs\EQUIPAGGIAMENTO\base\witcher-weapons\Ascia_Nanica_0000ae86d87f059a.json","0000ae86d87f059a"
"E:\AntigravitiProgetti\CompendioTheWitcher\_tools\src-packs\EQUIPAGGIAMENTO\base\witcher-weapons\Ascia_Nera_Gnomesca_006f87a98ae4f9f8.json","006f87a98ae4f9f8"
"E:\AntigravitiProgetti\CompendioTheWitcher\_tools\src-packs\EQUIPAGGIAMENTO\base\witcher-weapons\Asta_0080c39f6ba83088.json","0080c39f6ba83088"
"E:\AntigravitiProgetti\CompendioTheWitcher\_tools\src-packs\EQUIPAGGIAMENTO\base\witcher-weapons\Azza_38c1eaacac924334.json","38c1eaacac924334"
"E:\AntigravitiProgetti\CompendioTheWitcher\_tools\src-packs\EQUIPAGGIAMENTO\base\witcher-weapons\Bacchetta_della_Succube_b1c2d3e4f5a6b7c8.json","b1c2d3e4f5a6b7c8"
"E:\AntigravitiProgetti\CompendioTheWitcher\_tools\src-packs\EQUIPAGGIAMENTO\base\witcher-weapons\Badile_00df31f62afb18c8.json","00df31f62afb18c8"
"E:\AntigravitiProgetti\CompendioTheWitcher\_tools\src-packs\EQUIPAGGIAMENTO\base\witcher-weapons\Balestra_90750e6f288a4af4.json","90750e6f288a4af4"
"E:\AntigravitiProgetti\CompendioTheWitcher\_tools\src-packs\EQUIPAGGIAMENTO\base\witcher-weapons\Balestra_da_Cacciatore_di_Mostri_5f833da91e34474a.json","5f833da91e34474a"
"E:\AntigravitiProgetti\CompendioTheWitcher\_tools\src-packs\EQUIPAGGIAMENTO\base\witcher-weapons\Balestra_Pesante_Nanica_0002518f9669a30e.json","0002518f9669a30e"
"E:\AntigravitiProgetti\CompendioTheWitcher\_tools\src-packs\EQUIPAGGIAMENTO\base\witcher-weapons\Balestrino_087b1a38130b4e14.json","087b1a38130b4e14"
"E:\AntigravitiProgetti\CompendioTheWitcher\_tools\src-packs\EQUIPAGGIAMENTO\base\witcher-weapons\Balestrino_Gnomesco_00064db32bac6322.json","00064db32bac6322"
"E:\AntigravitiProgetti\CompendioTheWitcher\_tools\src-packs\EQUIPAGGIAMENTO\base\witcher-weapons\Bastone_7f1df27809b641e6.json","7f1df27809b641e6"
"E:\AntigravitiProgetti\CompendioTheWitcher\_tools\src-packs\EQUIPAGGIAMENTO\base\witcher-weapons\Bastone_con_Cristallo_023a83c9ec334aba.json","023a83c9ec334aba"
"E:\AntigravitiProgetti\CompendioTheWitcher\_tools\src-packs\EQUIPAGGIAMENTO\base\witcher-weapons\Bastone_da_Passeggio_Elfico_00c7f51114c30a28.json","00c7f51114c30a28"
"E:\AntigravitiProgetti\CompendioTheWitcher\_tools\src-packs\EQUIPAGGIAMENTO\base\witcher-weapons\Bastone_del_Vincolo_0007e9599cacf4bb.json","0007e9599cacf4bb"
"E:\AntigravitiProgetti\CompendioTheWitcher\_tools\src-packs\EQUIPAGGIAMENTO\base\witcher-weapons\Bastone_di_Ferro_afa5102884274060.json","afa5102884274060"
"E:\AntigravitiProgetti\CompendioTheWitcher\_tools\src-packs\EQUIPAGGIAMENTO\base\witcher-weapons\Bastone_Gnomesco_0006bb641be67c67.json","0006bb641be67c67"
"E:\AntigravitiProgetti\CompendioTheWitcher\_tools\src-packs\EQUIPAGGIAMENTO\base\witcher-weapons\Bastone_Uncinato_1ae13fff58b64da2.json","1ae13fff58b64da2"
"E:\AntigravitiProgetti\CompendioTheWitcher\_tools\src-packs\EQUIPAGGIAMENTO\base\witcher-weapons\Bordone_da_Pastore_000bdf3500204ce6.json","000bdf3500204ce6"
"E:\AntigravitiProgetti\CompendioTheWitcher\_tools\src-packs\EQUIPAGGIAMENTO\base\witcher-weapons\Caroline_c2d3e4f5a6b7c8d9.json","c2d3e4f5a6b7c8d9"
"E:\AntigravitiProgetti\CompendioTheWitcher\_tools\src-packs\EQUIPAGGIAMENTO\base\witcher-weapons\Coltello_da_Lancio_1b06de9f1eac4afa.json","1b06de9f1eac4afa"
"E:\AntigravitiProgetti\CompendioTheWitcher\_tools\src-packs\EQUIPAGGIAMENTO\base\witcher-weapons\Costoliere_1d38b8f9c55f420d.json","1d38b8f9c55f420d"
"E:\AntigravitiProgetti\CompendioTheWitcher\_tools\src-packs\EQUIPAGGIAMENTO\base\witcher-weapons\Daga_a_Rondelle_Halfling_00690dc87f6a0988.json","00690dc87f6a0988"
"E:\AntigravitiProgetti\CompendioTheWitcher\_tools\src-packs\EQUIPAGGIAMENTO\base\witcher-weapons\Decapitatore_d3e4f5a6b7c8d9e0.json","d3e4f5a6b7c8d9e0"
"E:\AntigravitiProgetti\CompendioTheWitcher\_tools\src-packs\EQUIPAGGIAMENTO\base\witcher-weapons\Destino_e4f5a6b7c8d9e0f1.json","e4f5a6b7c8d9e0f1"
"E:\AntigravitiProgetti\CompendioTheWitcher\_tools\src-packs\EQUIPAGGIAMENTO\base\witcher-weapons\Devine_f5a6b7c8d9e0f1a2.json","f5a6b7c8d9e0f1a2"
"E:\AntigravitiProgetti\CompendioTheWitcher\_tools\src-packs\EQUIPAGGIAMENTO\base\witcher-weapons\Esboda_94e00ab95004418a.json","94e00ab95004418a"
"E:\AntigravitiProgetti\CompendioTheWitcher\_tools\src-packs\EQUIPAGGIAMENTO\base\witcher-weapons\Falcetto_00b99fe70e32c1b8.json","00b99fe70e32c1b8"
"E:\AntigravitiProgetti\CompendioTheWitcher\_tools\src-packs\EQUIPAGGIAMENTO\base\witcher-weapons\Falce_005bc4df8d624fb8.json","005bc4df8d624fb8"
"E:\AntigravitiProgetti\CompendioTheWitcher\_tools\src-packs\EQUIPAGGIAMENTO\base\witcher-weapons\Falchion_da_Cacciatore_89218c7039e94a26.json","89218c7039e94a26"
"E:\AntigravitiProgetti\CompendioTheWitcher\_tools\src-packs\EQUIPAGGIAMENTO\base\witcher-weapons\Falcione_Elfico_004618fe1a188a38.json","004618fe1a188a38"
"E:\AntigravitiProgetti\CompendioTheWitcher\_tools\src-packs\EQUIPAGGIAMENTO\base\witcher-weapons\Forcone_0005aa95b9b3999c.json","0005aa95b9b3999c"
"E:\AntigravitiProgetti\CompendioTheWitcher\_tools\src-packs\EQUIPAGGIAMENTO\base\witcher-weapons\Gleddyf_63a1778f331749d9.json","63a1778f331749d9"
"E:\AntigravitiProgetti\CompendioTheWitcher\_tools\src-packs\EQUIPAGGIAMENTO\base\witcher-weapons\Gwyhyr_Gnomesca_00fecd750979a238.json","00fecd750979a238"
"E:\AntigravitiProgetti\CompendioTheWitcher\_tools\src-packs\EQUIPAGGIAMENTO\base\witcher-weapons\Jambiya_62953f574ed44869.json","62953f574ed44869"
"E:\AntigravitiProgetti\CompendioTheWitcher\_tools\src-packs\EQUIPAGGIAMENTO\base\witcher-weapons\Kord_30078fa035df4e50.json","30078fa035df4e50"
"E:\AntigravitiProgetti\CompendioTheWitcher\_tools\src-packs\EQUIPAGGIAMENTO\base\witcher-weapons\Krigsverd_8baf3e82cc9a4cc6.json","8baf3e82cc9a4cc6"
"E:\AntigravitiProgetti\CompendioTheWitcher\_tools\src-packs\EQUIPAGGIAMENTO\base\witcher-weapons\Lama_del_Tir_Tochair_0005b5430715c5a1.json","0005b5430715c5a1"
"E:\AntigravitiProgetti\CompendioTheWitcher\_tools\src-packs\EQUIPAGGIAMENTO\base\witcher-weapons\Lama_Vicovariana_964a7a583fe34843.json","964a7a583fe34843"
"E:\AntigravitiProgetti\CompendioTheWitcher\_tools\src-packs\EQUIPAGGIAMENTO\base\witcher-weapons\Lancia_457d3ed6765f4524.json","457d3ed6765f4524"
"E:\AntigravitiProgetti\CompendioTheWitcher\_tools\src-packs\EQUIPAGGIAMENTO\base\witcher-weapons\Lupo_a6b7c8d9e0f1a2b3.json","a6b7c8d9e0f1a2b3"
"E:\AntigravitiProgetti\CompendioTheWitcher\_tools\src-packs\EQUIPAGGIAMENTO\base\witcher-weapons\Maglio_degli_Altipiani_53bb53bd66d24da9.json","53bb53bd66d24da9"
"E:\AntigravitiProgetti\CompendioTheWitcher\_tools\src-packs\EQUIPAGGIAMENTO\base\witcher-weapons\Mannaia_di_Hood_b7c8d9e0f1a2b3c4.json","b7c8d9e0f1a2b3c4"
"E:\AntigravitiProgetti\CompendioTheWitcher\_tools\src-packs\EQUIPAGGIAMENTO\base\witcher-weapons\Mannaia_Nanica_000a01ded89f9801.json","000a01ded89f9801"
"E:\AntigravitiProgetti\CompendioTheWitcher\_tools\src-packs\EQUIPAGGIAMENTO\base\witcher-weapons\Martello_dArmi_Mahakaman_009a793bfe2d9ab8.json","009a793bfe2d9ab8"
"E:\AntigravitiProgetti\CompendioTheWitcher\_tools\src-packs\EQUIPAGGIAMENTO\base\witcher-weapons\Maugrim_c8d9e0f1a2b3c4d5.json","c8d9e0f1a2b3c4d5"
"E:\AntigravitiProgetti\CompendioTheWitcher\_tools\src-packs\EQUIPAGGIAMENTO\base\witcher-weapons\Mazzafrusto_Meteoritico_00692dd539a67b28.json","00692dd539a67b28"
"E:\AntigravitiProgetti\CompendioTheWitcher\_tools\src-packs\EQUIPAGGIAMENTO\base\witcher-weapons\Mazzapicchio_Nanico_00c4a95e447271d8.json","00c4a95e447271d8"
"E:\AntigravitiProgetti\CompendioTheWitcher\_tools\src-packs\EQUIPAGGIAMENTO\base\witcher-weapons\Mazza_703ae8232f6349ab.json","703ae8232f6349ab"
"E:\AntigravitiProgetti\CompendioTheWitcher\_tools\src-packs\EQUIPAGGIAMENTO\base\witcher-weapons\Messer_Elfico_000c6c06cba95144.json","000c6c06cba95144"
"E:\AntigravitiProgetti\CompendioTheWitcher\_tools\src-packs\EQUIPAGGIAMENTO\base\witcher-weapons\Morte_Rossa_d9e0f1a2b3c4d5e6.json","d9e0f1a2b3c4d5e6"
"E:\AntigravitiProgetti\CompendioTheWitcher\_tools\src-packs\EQUIPAGGIAMENTO\base\witcher-weapons\Munizioni_Bodkin_e0a1b2c3d4e5f604.json","e0a1b2c3d4e5f604"
"E:\AntigravitiProgetti\CompendioTheWitcher\_tools\src-packs\EQUIPAGGIAMENTO\base\witcher-weapons\Munizioni_Da_Impatto_Naniche_e0a1b2c3d4e5f609.json","e0a1b2c3d4e5f609"
"E:\AntigravitiProgetti\CompendioTheWitcher\_tools\src-packs\EQUIPAGGIAMENTO\base\witcher-weapons\Munizioni_Esplosive_e0a1b2c3d4e5f607.json","e0a1b2c3d4e5f607"
"E:\AntigravitiProgetti\CompendioTheWitcher\_tools\src-packs\EQUIPAGGIAMENTO\base\witcher-weapons\Munizioni_Multiple_e0a1b2c3d4e5f605.json","e0a1b2c3d4e5f605"
"E:\AntigravitiProgetti\CompendioTheWitcher\_tools\src-packs\EQUIPAGGIAMENTO\base\witcher-weapons\Munizioni_Normali_e0a1b2c3d4e5f601.json","e0a1b2c3d4e5f601"
"E:\AntigravitiProgetti\CompendioTheWitcher\_tools\src-packs\EQUIPAGGIAMENTO\base\witcher-weapons\Munizioni_Punta_Larga_e0a1b2c3d4e5f603.json","e0a1b2c3d4e5f603"
"E:\AntigravitiProgetti\CompendioTheWitcher\_tools\src-packs\EQUIPAGGIAMENTO\base\witcher-weapons\Munizioni_Smussate_e0a1b2c3d4e5f602.json","e0a1b2c3d4e5f602"
"E:\AntigravitiProgetti\CompendioTheWitcher\_tools\src-packs\EQUIPAGGIAMENTO\base\witcher-weapons\Munizioni_Sventratrici_Elfiche_e0a1b2c3d4e5f608.json","e0a1b2c3d4e5f608"
"E:\AntigravitiProgetti\CompendioTheWitcher\_tools\src-packs\EQUIPAGGIAMENTO\base\witcher-weapons\Munizioni_Traccianti_e0a1b2c3d4e5f606.json","e0a1b2c3d4e5f606"
"E:\AntigravitiProgetti\CompendioTheWitcher\_tools\src-packs\EQUIPAGGIAMENTO\base\witcher-weapons\Ogh'r_e0f1a2b3c4d5e6f7.json","e0f1a2b3c4d5e6f7"
"E:\AntigravitiProgetti\CompendioTheWitcher\_tools\src-packs\EQUIPAGGIAMENTO\base\witcher-weapons\Orione_6c74f2fb56bb446d.json","6c74f2fb56bb446d"
"E:\AntigravitiProgetti\CompendioTheWitcher\_tools\src-packs\EQUIPAGGIAMENTO\base\witcher-weapons\Pala_0009c778f870b921.json","0009c778f870b921"
"E:\AntigravitiProgetti\CompendioTheWitcher\_tools\src-packs\EQUIPAGGIAMENTO\base\witcher-weapons\Pugnale_08c8bc3916a44ba5.json","08c8bc3916a44ba5"
"E:\AntigravitiProgetti\CompendioTheWitcher\_tools\src-packs\EQUIPAGGIAMENTO\base\witcher-weapons\Pugnale_di_Diaspro_Sang._004c9f9702b73e28.json","004c9f9702b73e28"
"E:\AntigravitiProgetti\CompendioTheWitcher\_tools\src-packs\EQUIPAGGIAMENTO\base\witcher-weapons\Rete_con_Pesi_00087b72ccc85dd4.json","00087b72ccc85dd4"
"E:\AntigravitiProgetti\CompendioTheWitcher\_tools\src-packs\EQUIPAGGIAMENTO\base\witcher-weapons\Rete_per_Mostri_00d1518fdb648a28.json","00d1518fdb648a28"
"E:\AntigravitiProgetti\CompendioTheWitcher\_tools\src-packs\EQUIPAGGIAMENTO\base\witcher-weapons\Scorpione_(Balista)_00056b29e0b098b1.json","00056b29e0b098b1"
"E:\AntigravitiProgetti\CompendioTheWitcher\_tools\src-packs\EQUIPAGGIAMENTO\base\witcher-weapons\Scuola_della_Lumaca_(Acciaio)_0007f981d977aaec.json","0007f981d977aaec"
"E:\AntigravitiProgetti\CompendioTheWitcher\_tools\src-packs\EQUIPAGGIAMENTO\base\witcher-weapons\Scuola_della_Lumaca_(Argento)_0004a8f80211769c.json","0004a8f80211769c"
"E:\AntigravitiProgetti\CompendioTheWitcher\_tools\src-packs\EQUIPAGGIAMENTO\base\witcher-weapons\Scuola_della_Manticora_(Acciaio)_00c8757ce11b1778.json","00c8757ce11b1778"
"E:\AntigravitiProgetti\CompendioTheWitcher\_tools\src-packs\EQUIPAGGIAMENTO\base\witcher-weapons\Scuola_della_Manticora_(Argento)_00ccb4382fba9b98.json","00ccb4382fba9b98"
"E:\AntigravitiProgetti\CompendioTheWitcher\_tools\src-packs\EQUIPAGGIAMENTO\base\witcher-weapons\Scuola_della_Vipera_(Acciaio)_007aaca1e51e3768.json","007aaca1e51e3768"
"E:\AntigravitiProgetti\CompendioTheWitcher\_tools\src-packs\EQUIPAGGIAMENTO\base\witcher-weapons\Scuola_della_Vipera_(Argento)_0053aa0f430b0378.json","0053aa0f430b0378"
"E:\AntigravitiProgetti\CompendioTheWitcher\_tools\src-packs\EQUIPAGGIAMENTO\base\witcher-weapons\Scuola_della_Vipera_(Zanna)_00091b914a4c2757.json","00091b914a4c2757"
"E:\AntigravitiProgetti\CompendioTheWitcher\_tools\src-packs\EQUIPAGGIAMENTO\base\witcher-weapons\Scuola_dellOrso_(Acciaio)_000d890e417f601d.json","000d890e417f601d"
"E:\AntigravitiProgetti\CompendioTheWitcher\_tools\src-packs\EQUIPAGGIAMENTO\base\witcher-weapons\Scuola_dellOrso_(Argento)_003af6d3fb73c238.json","003af6d3fb73c238"
"E:\AntigravitiProgetti\CompendioTheWitcher\_tools\src-packs\EQUIPAGGIAMENTO\base\witcher-weapons\Scuola_dellOrso_(Balestra)_006d87c91fc31f98.json","006d87c91fc31f98"
"E:\AntigravitiProgetti\CompendioTheWitcher\_tools\src-packs\EQUIPAGGIAMENTO\base\witcher-weapons\Scuola_del_Gatto_(Acciaio)_005fa8be7e76d4c8.json","005fa8be7e76d4c8"
"E:\AntigravitiProgetti\CompendioTheWitcher\_tools\src-packs\EQUIPAGGIAMENTO\base\witcher-weapons\Scuola_del_Gatto_(Argento)_00eb803e8f4e8a18.json","00eb803e8f4e8a18"
"E:\AntigravitiProgetti\CompendioTheWitcher\_tools\src-packs\EQUIPAGGIAMENTO\base\witcher-weapons\Scuola_del_Gatto_(Balestra)_0005a034f2852a18.json","0005a034f2852a18"
"E:\AntigravitiProgetti\CompendioTheWitcher\_tools\src-packs\EQUIPAGGIAMENTO\base\witcher-weapons\Scuola_del_Grifone_(Acciaio)_00c68a08768b3218.json","00c68a08768b3218"
"E:\AntigravitiProgetti\CompendioTheWitcher\_tools\src-packs\EQUIPAGGIAMENTO\base\witcher-weapons\Scuola_del_Grifone_(Argento)_003b7935a5eab648.json","003b7935a5eab648"
"E:\AntigravitiProgetti\CompendioTheWitcher\_tools\src-packs\EQUIPAGGIAMENTO\base\witcher-weapons\Scuola_del_Grifone_(Balestra)_000cc0c22629165e.json","000cc0c22629165e"
"E:\AntigravitiProgetti\CompendioTheWitcher\_tools\src-packs\EQUIPAGGIAMENTO\base\witcher-weapons\Scuola_del_Lupo_(Acciaio)_000ee05377296736.json","000ee05377296736"
"E:\AntigravitiProgetti\CompendioTheWitcher\_tools\src-packs\EQUIPAGGIAMENTO\base\witcher-weapons\Scuola_del_Lupo_(Argento)_0056fd9c47752d18.json","0056fd9c47752d18"
"E:\AntigravitiProgetti\CompendioTheWitcher\_tools\src-packs\EQUIPAGGIAMENTO\base\witcher-weapons\Sentinella_dell'Abisso_f1a2b3c4d5e6f7a8.json","f1a2b3c4d5e6f7a8"
"E:\AntigravitiProgetti\CompendioTheWitcher\_tools\src-packs\EQUIPAGGIAMENTO\base\witcher-weapons\Siringa_da_Campo_0003bd37bb9ce125.json","0003bd37bb9ce125"
"E:\AntigravitiProgetti\CompendioTheWitcher\_tools\src-packs\EQUIPAGGIAMENTO\base\witcher-weapons\Spada_dArme_8202b4553ca74b4d.json","8202b4553ca74b4d"
"E:\AntigravitiProgetti\CompendioTheWitcher\_tools\src-packs\EQUIPAGGIAMENTO\base\witcher-weapons\Spada_da_Cavalleria_Vrihedd_008e2126fde3c528.json","008e2126fde3c528"
"E:\AntigravitiProgetti\CompendioTheWitcher\_tools\src-packs\EQUIPAGGIAMENTO\base\witcher-weapons\Spada_di_Ferro_86a50ea90ac24ed7.json","86a50ea90ac24ed7"
"E:\AntigravitiProgetti\CompendioTheWitcher\_tools\src-packs\EQUIPAGGIAMENTO\base\witcher-weapons\Spada_Lunare_a2b3c4d5e6f7a8b9.json","a2b3c4d5e6f7a8b9"
"E:\AntigravitiProgetti\CompendioTheWitcher\_tools\src-packs\EQUIPAGGIAMENTO\base\witcher-weapons\Spada_Meteoritica_000cc4258e8e7e53.json","000cc4258e8e7e53"
"E:\AntigravitiProgetti\CompendioTheWitcher\_tools\src-packs\EQUIPAGGIAMENTO\base\witcher-weapons\Sperone_dArpia_0004479d266f425a.json","0004479d266f425a"
"E:\AntigravitiProgetti\CompendioTheWitcher\_tools\src-packs\EQUIPAGGIAMENTO\base\witcher-weapons\Spezzalama_000a6572b49a716c.json","000a6572b49a716c"
"E:\AntigravitiProgetti\CompendioTheWitcher\_tools\src-packs\EQUIPAGGIAMENTO\base\witcher-weapons\Spina_b3c4d5e6f7a8b9c0.json","b3c4d5e6f7a8b9c0"
"E:\AntigravitiProgetti\CompendioTheWitcher\_tools\src-packs\EQUIPAGGIAMENTO\base\witcher-weapons\Stiletto_09ccebf23dd44e97.json","09ccebf23dd44e97"
"E:\AntigravitiProgetti\CompendioTheWitcher\_tools\src-packs\EQUIPAGGIAMENTO\base\witcher-weapons\Tirapugni_1528b6ffdaf94ed0.json","1528b6ffdaf94ed0"
"E:\AntigravitiProgetti\CompendioTheWitcher\_tools\src-packs\EQUIPAGGIAMENTO\base\witcher-weapons\Torcia_00f2b6abdbf85b28.json","00f2b6abdbf85b28"
"E:\AntigravitiProgetti\CompendioTheWitcher\_tools\src-packs\EQUIPAGGIAMENTO\base\witcher-weapons\Torrwr_15485ac3e23d4042.json","15485ac3e23d4042"
"E:\AntigravitiProgetti\CompendioTheWitcher\_tools\src-packs\EQUIPAGGIAMENTO\base\witcher-weapons\Zefhar_Elfico_000ca47aa0ce7208.json","000ca47aa0ce7208"
"E:\AntigravitiProgetti\CompendioTheWitcher\_tools\src-packs\EQUIPAGGIAMENTO\caos\witcher-special-chaos\Amuleto_Incantato__1_Incantesimo__ef6c48cd2dba2373.json","ef6c48cd2dba2373"
"E:\AntigravitiProgetti\CompendioTheWitcher\_tools\src-packs\EQUIPAGGIAMENTO\caos\witcher-special-chaos\Amuleto_Incantato__2_Incantesimi__4d40471f65001a0b.json","4d40471f65001a0b"
"E:\AntigravitiProgetti\CompendioTheWitcher\_tools\src-packs\EQUIPAGGIAMENTO\caos\witcher-special-chaos\Amuleto_Incantato__3_Incantesimi__4ddf42cb2eab0e0c.json","4ddf42cb2eab0e0c"
"E:\AntigravitiProgetti\CompendioTheWitcher\_tools\src-packs\EQUIPAGGIAMENTO\caos\witcher-special-chaos\Amuleto_Incantato__4_Incantesimi__5bfe48717eebb217.json","5bfe48717eebb217"
"E:\AntigravitiProgetti\CompendioTheWitcher\_tools\src-packs\EQUIPAGGIAMENTO\caos\witcher-special-chaos\Corda_Magica_Elfica_21be542af66442d6.json","21be542af66442d6"
"E:\AntigravitiProgetti\CompendioTheWitcher\_tools\src-packs\EQUIPAGGIAMENTO\caos\witcher-special-chaos\Formula_Magica__Esperto__dec2d46cbdd5ed45.json","dec2d46cbdd5ed45"
"E:\AntigravitiProgetti\CompendioTheWitcher\_tools\src-packs\EQUIPAGGIAMENTO\caos\witcher-special-chaos\Formula_Magica__Maestro__470818480d8243ee.json","470818480d8243ee"
"E:\AntigravitiProgetti\CompendioTheWitcher\_tools\src-packs\EQUIPAGGIAMENTO\caos\witcher-special-chaos\Formula_Magica__Novizio__292a1898c199f26a.json","292a1898c199f26a"
"E:\AntigravitiProgetti\CompendioTheWitcher\_tools\src-packs\EQUIPAGGIAMENTO\caos\witcher-special-chaos\Legame_di_Coppia_f1d6d9a95e914fa3.json","f1d6d9a95e914fa3"
"E:\AntigravitiProgetti\CompendioTheWitcher\_tools\src-packs\EQUIPAGGIAMENTO\caos\witcher-special-chaos\Megascopio_2b8a95090d518ef0.json","2b8a95090d518ef0"
"E:\AntigravitiProgetti\CompendioTheWitcher\_tools\src-packs\EQUIPAGGIAMENTO\caos\witcher-special-chaos\Occhio_di_Nehaleni_4cd4a6d4be4161ff.json","4cd4a6d4be4161ff"
"E:\AntigravitiProgetti\CompendioTheWitcher\_tools\src-packs\EQUIPAGGIAMENTO\caos\witcher-special-chaos\Pietra_Allarme__Pietra_del_Potere__b5a6c68e3b740061.json","b5a6c68e3b740061"
"E:\AntigravitiProgetti\CompendioTheWitcher\_tools\src-packs\EQUIPAGGIAMENTO\caos\witcher-special-chaos\Pietra_Arco__Pietra_del_Potere__504739bd969565fb.json","504739bd969565fb"
"E:\AntigravitiProgetti\CompendioTheWitcher\_tools\src-packs\EQUIPAGGIAMENTO\caos\witcher-special-chaos\Pietra_dellIllusione__Pietra_del_Potere__8837809dbc898944.json","8837809dbc898944"
"E:\AntigravitiProgetti\CompendioTheWitcher\_tools\src-packs\EQUIPAGGIAMENTO\caos\witcher-special-chaos\Portale_Fisso_aeb5cfffb10950bb.json","aeb5cfffb10950bb"
"E:\AntigravitiProgetti\CompendioTheWitcher\_tools\src-packs\EQUIPAGGIAMENTO\caos\witcher-special-chaos\Quadrifoglio_b8d5a8deddba2326.json","b8d5a8deddba2326"
"E:\AntigravitiProgetti\CompendioTheWitcher\_tools\src-packs\EQUIPAGGIAMENTO\caos\witcher-special-chaos\Specchio_dei_Desideri_b31155f307489d73.json","b31155f307489d73"
"E:\AntigravitiProgetti\CompendioTheWitcher\_tools\src-packs\EQUIPAGGIAMENTO\caos\witcher-special-chaos\Teschio_di_Cristallo_0aa5157d8eaf0106.json","0aa5157d8eaf0106"
"E:\AntigravitiProgetti\CompendioTheWitcher\_tools\src-packs\EQUIPAGGIAMENTO\caos\witcher-special-chaos\Utensili_da_Incisore_Runico_1360a92e422cf1bf.json","1360a92e422cf1bf"
"E:\AntigravitiProgetti\CompendioTheWitcher\_tools\src-packs\EQUIPAGGIAMENTO\caos\witcher-trophies\Trofeo_Arachas_bebd6b7f79a979fa.json","bebd6b7f79a979fa"
"E:\AntigravitiProgetti\CompendioTheWitcher\_tools\src-packs\EQUIPAGGIAMENTO\caos\witcher-trophies\Trofeo_Botchling_3273d45e1f3e09b0.json","3273d45e1f3e09b0"
"E:\AntigravitiProgetti\CompendioTheWitcher\_tools\src-packs\EQUIPAGGIAMENTO\caos\witcher-trophies\Trofeo_Bruxa_34893db4d3605195.json","34893db4d3605195"
"E:\AntigravitiProgetti\CompendioTheWitcher\_tools\src-packs\EQUIPAGGIAMENTO\caos\witcher-trophies\Trofeo_Bullvore_2080fd6df9870025.json","2080fd6df9870025"
"E:\AntigravitiProgetti\CompendioTheWitcher\_tools\src-packs\EQUIPAGGIAMENTO\caos\witcher-trophies\Trofeo_Ciclope_0bde0052adcdbbbd.json","0bde0052adcdbbbd"
"E:\AntigravitiProgetti\CompendioTheWitcher\_tools\src-packs\EQUIPAGGIAMENTO\caos\witcher-trophies\Trofeo_Cockatrice_c62f11f3b93c7d0e.json","c62f11f3b93c7d0e"
"E:\AntigravitiProgetti\CompendioTheWitcher\_tools\src-packs\EQUIPAGGIAMENTO\caos\witcher-trophies\Trofeo_Demonio_0cbd5f329f32cd4d.json","0cbd5f329f32cd4d"
"E:\AntigravitiProgetti\CompendioTheWitcher\_tools\src-packs\EQUIPAGGIAMENTO\caos\witcher-trophies\Trofeo_Elementale_67000b8af024fd04.json","67000b8af024fd04"
"E:\AntigravitiProgetti\CompendioTheWitcher\_tools\src-packs\EQUIPAGGIAMENTO\caos\witcher-trophies\Trofeo_Elementale_98cae0cec2de53fd.json","98cae0cec2de53fd"
"E:\AntigravitiProgetti\CompendioTheWitcher\_tools\src-packs\EQUIPAGGIAMENTO\caos\witcher-trophies\Trofeo_Elementale_d104e90b57034784.json","d104e90b57034784"
"E:\AntigravitiProgetti\CompendioTheWitcher\_tools\src-packs\EQUIPAGGIAMENTO\caos\witcher-trophies\Trofeo_Fenice_b4bba3ee8f235516.json","b4bba3ee8f235516"
"E:\AntigravitiProgetti\CompendioTheWitcher\_tools\src-packs\EQUIPAGGIAMENTO\caos\witcher-trophies\Trofeo_Foglet_b8114946f47e7364.json","b8114946f47e7364"
"E:\AntigravitiProgetti\CompendioTheWitcher\_tools\src-packs\EQUIPAGGIAMENTO\caos\witcher-trophies\Trofeo_Frightener_f3e465c34bd3280f.json","f3e465c34bd3280f"
"E:\AntigravitiProgetti\CompendioTheWitcher\_tools\src-packs\EQUIPAGGIAMENTO\caos\witcher-trophies\Trofeo_Garkain_fa46041ec51c5b71.json","fa46041ec51c5b71"
"E:\AntigravitiProgetti\CompendioTheWitcher\_tools\src-packs\EQUIPAGGIAMENTO\caos\witcher-trophies\Trofeo_Golem_c13ea6167ab16f30.json","c13ea6167ab16f30"
"E:\AntigravitiProgetti\CompendioTheWitcher\_tools\src-packs\EQUIPAGGIAMENTO\caos\witcher-trophies\Trofeo_Grifone_ecc06b600432e2fa.json","ecc06b600432e2fa"
"E:\AntigravitiProgetti\CompendioTheWitcher\_tools\src-packs\EQUIPAGGIAMENTO\caos\witcher-trophies\Trofeo_Hym_8eac402a2ab5a31e.json","8eac402a2ab5a31e"
"E:\AntigravitiProgetti\CompendioTheWitcher\_tools\src-packs\EQUIPAGGIAMENTO\caos\witcher-trophies\Trofeo_Katakan_fdc75e0e4e3ddac8.json","fdc75e0e4e3ddac8"
"E:\AntigravitiProgetti\CompendioTheWitcher\_tools\src-packs\EQUIPAGGIAMENTO\caos\witcher-trophies\Trofeo_Leshen_071170d10b9ce751.json","071170d10b9ce751"
"E:\AntigravitiProgetti\CompendioTheWitcher\_tools\src-packs\EQUIPAGGIAMENTO\caos\witcher-trophies\Trofeo_Lupo_1748d03169988bdd.json","1748d03169988bdd"
"E:\AntigravitiProgetti\CompendioTheWitcher\_tools\src-packs\EQUIPAGGIAMENTO\caos\witcher-trophies\Trofeo_Manticora_3525ace98585dd8e.json","3525ace98585dd8e"
"E:\AntigravitiProgetti\CompendioTheWitcher\_tools\src-packs\EQUIPAGGIAMENTO\caos\witcher-trophies\Trofeo_Orso_178cc6d9b9e8db20.json","178cc6d9b9e8db20"
"E:\AntigravitiProgetti\CompendioTheWitcher\_tools\src-packs\EQUIPAGGIAMENTO\caos\witcher-trophies\Trofeo_Pantera_61ddc70544334ce4.json","61ddc70544334ce4"
"E:\AntigravitiProgetti\CompendioTheWitcher\_tools\src-packs\EQUIPAGGIAMENTO\caos\witcher-trophies\Trofeo_Pesta_6e71f47e4eaeb3cc.json","6e71f47e4eaeb3cc"
"E:\AntigravitiProgetti\CompendioTheWitcher\_tools\src-packs\EQUIPAGGIAMENTO\caos\witcher-trophies\Trofeo_Scaltrocertola_140388cb1e622884.json","140388cb1e622884"
"E:\AntigravitiProgetti\CompendioTheWitcher\_tools\src-packs\EQUIPAGGIAMENTO\caos\witcher-trophies\Trofeo_Shaelmaar_4842886a875d79f8.json","4842886a875d79f8"
"E:\AntigravitiProgetti\CompendioTheWitcher\_tools\src-packs\EQUIPAGGIAMENTO\caos\witcher-trophies\Trofeo_Strega_288496cc9cf91c2f.json","288496cc9cf91c2f"
"E:\AntigravitiProgetti\CompendioTheWitcher\_tools\src-packs\EQUIPAGGIAMENTO\caos\witcher-trophies\Trofeo_Succube_44d7307fe4c2141e.json","44d7307fe4c2141e"
"E:\AntigravitiProgetti\CompendioTheWitcher\_tools\src-packs\EQUIPAGGIAMENTO\caos\witcher-trophies\Trofeo_Troll_d180ae4328590a26.json","d180ae4328590a26"
"E:\AntigravitiProgetti\CompendioTheWitcher\_tools\src-packs\EQUIPAGGIAMENTO\caos\witcher-trophies\Trofeo_Troll_fd8f3581ae216748.json","fd8f3581ae216748"
"E:\AntigravitiProgetti\CompendioTheWitcher\_tools\src-packs\EQUIPAGGIAMENTO\caos\witcher-trophies\Trofeo_Vendigo_25aec04c9d2795a3.json","25aec04c9d2795a3"
"E:\AntigravitiProgetti\CompendioTheWitcher\_tools\src-packs\EQUIPAGGIAMENTO\caos\witcher-trophies\Trofeo_Viverna_073ea58863fdce50.json","073ea58863fdce50"
"E:\AntigravitiProgetti\CompendioTheWitcher\_tools\src-packs\EQUIPAGGIAMENTO\caos\witcher-trophies\Trofeo_Wraith_Diurno_5491e81a30c34f2c.json","5491e81a30c34f2c"
"E:\AntigravitiProgetti\CompendioTheWitcher\_tools\src-packs\EQUIPAGGIAMENTO\racconti\witcher-weapons-racconti\Balestra_da_Caccia.json","6c72776561703031"
"E:\AntigravitiProgetti\CompendioTheWitcher\_tools\src-packs\EQUIPAGGIAMENTO\racconti\witcher-weapons-racconti\Flamberga.json","6c72776561703032"
"E:\AntigravitiProgetti\CompendioTheWitcher\_tools\src-packs\EQUIPAGGIAMENTO\racconti\witcher-weapons-racconti\Lama_Viroledana.json","6c72776561703033"
"E:\AntigravitiProgetti\CompendioTheWitcher\_tools\src-packs\EQUIPAGGIAMENTO\racconti\witcher-weapons-racconti\Lancia_da_Guerra.json","6c72776561703034"
"E:\AntigravitiProgetti\CompendioTheWitcher\_tools\src-packs\EQUIPAGGIAMENTO\racconti\witcher-weapons-racconti\Lancia_Smussata.json","6c72776561703035"
"E:\AntigravitiProgetti\CompendioTheWitcher\_tools\src-packs\EQUIPAGGIAMENTO\racconti\witcher-weapons-racconti\Maglio_del_Contadino.json","6c72776561703036"
"E:\AntigravitiProgetti\CompendioTheWitcher\_tools\src-packs\EQUIPAGGIAMENTO\racconti\witcher-weapons-racconti\Martello_da_Cavaliere.json","6c72776561703037"
"E:\AntigravitiProgetti\CompendioTheWitcher\_tools\src-packs\EQUIPAGGIAMENTO\racconti\witcher-weapons-racconti\Partigiana.json","6c72776561703038"
"E:\AntigravitiProgetti\CompendioTheWitcher\_tools\src-packs\EQUIPAGGIAMENTO\racconti\witcher-weapons-racconti\Spada_Ducale.json","6c72776561703039"
"E:\AntigravitiProgetti\CompendioTheWitcher\_tools\src-packs\GAMEPLAY\base\witcher-critical-wounds\braccio_fratturato.json","critw006braccio"
"E:\AntigravitiProgetti\CompendioTheWitcher\_tools\src-packs\GAMEPLAY\base\witcher-critical-wounds\costole_incrinate_402d36bee857486d.json","critw003costole"
"E:\AntigravitiProgetti\CompendioTheWitcher\_tools\src-packs\GAMEPLAY\base\witcher-critical-wounds\costole_rotte_402d36bee857486e.json","critw005costr"
"E:\AntigravitiProgetti\CompendioTheWitcher\_tools\src-packs\GAMEPLAY\base\witcher-critical-wounds\danni_cardiaci.json","critw013cuore"
"E:\AntigravitiProgetti\CompendioTheWitcher\_tools\src-packs\GAMEPLAY\base\witcher-critical-wounds\decapitazione.json","critw011decap"
"E:\AntigravitiProgetti\CompendioTheWitcher\_tools\src-packs\GAMEPLAY\base\witcher-critical-wounds\gamba_fratturata.json","critw007gamba"
"E:\AntigravitiProgetti\CompendioTheWitcher\_tools\src-packs\GAMEPLAY\base\witcher-critical-wounds\mascella_incrinata.json","critw001mascella"
"E:\AntigravitiProgetti\CompendioTheWitcher\_tools\src-packs\GAMEPLAY\base\witcher-critical-wounds\milza_lesionata.json","critw004milza"
"E:\AntigravitiProgetti\CompendioTheWitcher\_tools\src-packs\GAMEPLAY\base\witcher-critical-wounds\occhio_danneggiato.json","critw012occhio"
"E:\AntigravitiProgetti\CompendioTheWitcher\_tools\src-packs\GAMEPLAY\base\witcher-critical-wounds\pneumotorace.json","critw009pneumo"
"E:\AntigravitiProgetti\CompendioTheWitcher\_tools\src-packs\GAMEPLAY\base\witcher-critical-wounds\sfregio.json","critw002sfregio"
"E:\AntigravitiProgetti\CompendioTheWitcher\_tools\src-packs\GAMEPLAY\base\witcher-critical-wounds\shock_settico.json","critw014septi"
"E:\AntigravitiProgetti\CompendioTheWitcher\_tools\src-packs\GAMEPLAY\base\witcher-critical-wounds\spina_dorsale_spezzata.json","critw010spina"
"E:\AntigravitiProgetti\CompendioTheWitcher\_tools\src-packs\GAMEPLAY\base\witcher-critical-wounds\stomaco_lacerato.json","critw008stoma"
"E:\AntigravitiProgetti\CompendioTheWitcher\_tools\src-packs\GAMEPLAY\base\witcher-curses\licantropia.json","hex005licantro"
"E:\AntigravitiProgetti\CompendioTheWitcher\_tools\src-packs\GAMEPLAY\base\witcher-curses\maledizione_mostruosa.json","hex001mostruosa"
"E:\AntigravitiProgetti\CompendioTheWitcher\_tools\src-packs\GAMEPLAY\base\witcher-curses\maledizione_pestilenza.json","hex003pestilen"
"E:\AntigravitiProgetti\CompendioTheWitcher\_tools\src-packs\GAMEPLAY\base\witcher-curses\maledizione_vagabondo.json","hex004vagabon"
"E:\AntigravitiProgetti\CompendioTheWitcher\_tools\src-packs\GAMEPLAY\base\witcher-curses\persecuzione.json","hex002persecuz"
"E:\AntigravitiProgetti\CompendioTheWitcher\_tools\src-packs\LORE\base\witcher-lore\accademia_di_ban_ard.json","lore037banard"
"E:\AntigravitiProgetti\CompendioTheWitcher\_tools\src-packs\LORE\base\witcher-lore\accademia_di_oxenfurt.json","lore019oxenfur"
"E:\AntigravitiProgetti\CompendioTheWitcher\_tools\src-packs\LORE\base\witcher-lore\aedirn.json","lore004aedirn"
"E:\AntigravitiProgetti\CompendioTheWitcher\_tools\src-packs\LORE\base\witcher-lore\chiesa_di_kreve.json","lore007kreve"
"E:\AntigravitiProgetti\CompendioTheWitcher\_tools\src-packs\LORE\base\witcher-lore\cintra.json","lore028cintra"
"E:\AntigravitiProgetti\CompendioTheWitcher\_tools\src-packs\LORE\base\witcher-lore\confraternita_dei_maghi.json","lore018confrat"
"E:\AntigravitiProgetti\CompendioTheWitcher\_tools\src-packs\LORE\base\witcher-lore\dol_blathanna.json","lore030dolbla"
"E:\AntigravitiProgetti\CompendioTheWitcher\_tools\src-packs\LORE\base\witcher-lore\druidismo.json","lore013druidi"
"E:\AntigravitiProgetti\CompendioTheWitcher\_tools\src-packs\LORE\base\witcher-lore\freya.json","lore011freya"
"E:\AntigravitiProgetti\CompendioTheWitcher\_tools\src-packs\LORE\base\witcher-lore\fuoco_eterno.json","lore008fuocoe"
"E:\AntigravitiProgetti\CompendioTheWitcher\_tools\src-packs\LORE\base\witcher-lore\il_grande_sole.json","lore010grandes"
"E:\AntigravitiProgetti\CompendioTheWitcher\_tools\src-packs\LORE\base\witcher-lore\impero_di_nilfgaard.json","lore006nilfga"
"E:\AntigravitiProgetti\CompendioTheWitcher\_tools\src-packs\LORE\base\witcher-lore\isola_di_thanedd.json","lore035thaned"
"E:\AntigravitiProgetti\CompendioTheWitcher\_tools\src-packs\LORE\base\witcher-lore\isole_skellige.json","lore027skelli"
"E:\AntigravitiProgetti\CompendioTheWitcher\_tools\src-packs\LORE\base\witcher-lore\kaedwen.json","lore003kaedwen"
"E:\AntigravitiProgetti\CompendioTheWitcher\_tools\src-packs\LORE\base\witcher-lore\kaer_morhen.json","lore034kaermo"
"E:\AntigravitiProgetti\CompendioTheWitcher\_tools\src-packs\LORE\base\witcher-lore\kovir_e_poviss_402d36bee857486f.json","lore005kovir"
"E:\AntigravitiProgetti\CompendioTheWitcher\_tools\src-packs\LORE\base\witcher-lore\loggia_delle_maghe.json","lore017loggia"
"E:\AntigravitiProgetti\CompendioTheWitcher\_tools\src-packs\LORE\base\witcher-lore\luoghi_di_potere.json","lore026luop??t"
"E:\AntigravitiProgetti\CompendioTheWitcher\_tools\src-packs\LORE\base\witcher-lore\mahakam.json","lore029mahaka"
"E:\AntigravitiProgetti\CompendioTheWitcher\_tools\src-packs\LORE\base\witcher-lore\melitele.json","lore009melite"
"E:\AntigravitiProgetti\CompendioTheWitcher\_tools\src-packs\LORE\base\witcher-lore\niya_lilit.json","lore014niyali"
"E:\AntigravitiProgetti\CompendioTheWitcher\_tools\src-packs\LORE\base\witcher-lore\ordine_rosa_fiammeggiante.json","lore015rosafia"
"E:\AntigravitiProgetti\CompendioTheWitcher\_tools\src-packs\LORE\base\witcher-lore\redania.json","lore002redania"
"E:\AntigravitiProgetti\CompendioTheWitcher\_tools\src-packs\LORE\base\witcher-lore\san_gregory.json","lore039sangre"
"E:\AntigravitiProgetti\CompendioTheWitcher\_tools\src-packs\LORE\base\witcher-lore\scoiatael.json","lore016scoiat"
"E:\AntigravitiProgetti\CompendioTheWitcher\_tools\src-packs\LORE\base\witcher-lore\scuola_della_manticora.json","lore025mantic"
"E:\AntigravitiProgetti\CompendioTheWitcher\_tools\src-packs\LORE\base\witcher-lore\scuola_della_vipera.json","lore023vipera"
"E:\AntigravitiProgetti\CompendioTheWitcher\_tools\src-packs\LORE\base\witcher-lore\scuola_dell_orso.json","lore024orso"
"E:\AntigravitiProgetti\CompendioTheWitcher\_tools\src-packs\LORE\base\witcher-lore\scuola_del_gatto.json","lore022gatto"
"E:\AntigravitiProgetti\CompendioTheWitcher\_tools\src-packs\LORE\base\witcher-lore\scuola_del_grifone.json","lore021grifone"
"E:\AntigravitiProgetti\CompendioTheWitcher\_tools\src-packs\LORE\base\witcher-lore\scuola_del_lupo.json","lore020lupo"
"E:\AntigravitiProgetti\CompendioTheWitcher\_tools\src-packs\LORE\base\witcher-lore\scuola_di_aretuza.json","lore038aretuz"
"E:\AntigravitiProgetti\CompendioTheWitcher\_tools\src-packs\LORE\base\witcher-lore\temeria.json","lore001temeria"
"E:\AntigravitiProgetti\CompendioTheWitcher\_tools\src-packs\LORE\base\witcher-lore\valle_del_pontar.json","lore036pontar"
"E:\AntigravitiProgetti\CompendioTheWitcher\_tools\src-packs\LORE\base\witcher-lore\veyopatis.json","lore012veyopat"
"E:\AntigravitiProgetti\CompendioTheWitcher\_tools\src-packs\MAGIA\base\witcher-hexes-base\Il_Bacio_della_Pesta_d911837f923f484a.json","d911837f923f484a"
"E:\AntigravitiProgetti\CompendioTheWitcher\_tools\src-packs\MAGIA\base\witcher-hexes-base\Il_Prurito_Perenne_09c75899bb7c48ad.json","09c75899bb7c48ad"
"E:\AntigravitiProgetti\CompendioTheWitcher\_tools\src-packs\MAGIA\base\witcher-hexes-base\La_Fattura_della_Bestia_179fcc56053e458e.json","179fcc56053e458e"
"E:\AntigravitiProgetti\CompendioTheWitcher\_tools\src-packs\MAGIA\base\witcher-hexes-base\La_Fattura_delle_Ombre_83fab892a4f74e67.json","83fab892a4f74e67"
"E:\AntigravitiProgetti\CompendioTheWitcher\_tools\src-packs\MAGIA\base\witcher-hexes-base\La_Fortuna_del_Diavolo_10f5bb435e1543ac.json","10f5bb435e1543ac"
"E:\AntigravitiProgetti\CompendioTheWitcher\_tools\src-packs\MAGIA\base\witcher-hexes-base\L_Incubo_69c35b7d033740fc.json","69c35b7d033740fc"
"E:\AntigravitiProgetti\CompendioTheWitcher\_tools\src-packs\MAGIA\base\witcher-rituals\Barriera_Magica_6f95a8d8ab5e496b.json","6f95a8d8ab5e496b"
"E:\AntigravitiProgetti\CompendioTheWitcher\_tools\src-packs\MAGIA\base\witcher-rituals\Compressione_in_Manufatto_037a93ed3118473e.json","037a93ed3118473e"
"E:\AntigravitiProgetti\CompendioTheWitcher\_tools\src-packs\MAGIA\base\witcher-rituals\Consacrare_d9cee7de73c443c5.json","d9cee7de73c443c5"
"E:\AntigravitiProgetti\CompendioTheWitcher\_tools\src-packs\MAGIA\base\witcher-rituals\Costruire_Golem_259c6a8a6cc1490f.json","259c6a8a6cc1490f"
"E:\AntigravitiProgetti\CompendioTheWitcher\_tools\src-packs\MAGIA\base\witcher-rituals\Idromanzia_0e058f4469d14c2f.json","0e058f4469d14c2f"
"E:\AntigravitiProgetti\CompendioTheWitcher\_tools\src-packs\MAGIA\base\witcher-rituals\Illusione_Interattiva_4daa77141ce74625.json","4daa77141ce74625"
"E:\AntigravitiProgetti\CompendioTheWitcher\_tools\src-packs\MAGIA\base\witcher-rituals\Messaggio_Magico_166789dd069a4ea2.json","166789dd069a4ea2"
"E:\AntigravitiProgetti\CompendioTheWitcher\_tools\src-packs\MAGIA\base\witcher-rituals\Oniromanzia_3f837cb1be7b4b06.json","3f837cb1be7b4b06"
"E:\AntigravitiProgetti\CompendioTheWitcher\_tools\src-packs\MAGIA\base\witcher-rituals\Piromanzia_40dbcd89a1d6480b.json","40dbcd89a1d6480b"
"E:\AntigravitiProgetti\CompendioTheWitcher\_tools\src-packs\MAGIA\base\witcher-rituals\Rituale_della_Magia_55e57065785e426b.json","55e57065785e426b"
"E:\AntigravitiProgetti\CompendioTheWitcher\_tools\src-packs\MAGIA\base\witcher-rituals\Rituale_della_Vita_bfdbf167dce24b07.json","bfdbf167dce24b07"
"E:\AntigravitiProgetti\CompendioTheWitcher\_tools\src-packs\MAGIA\base\witcher-rituals\Rituale_Purificatore_0c756bc90cd84b1a.json","0c756bc90cd84b1a"
"E:\AntigravitiProgetti\CompendioTheWitcher\_tools\src-packs\MAGIA\base\witcher-rituals\Seduta_Spiritica_66b53304ae614932.json","66b53304ae614932"
"E:\AntigravitiProgetti\CompendioTheWitcher\_tools\src-packs\MAGIA\base\witcher-rituals\Telecomunicazione_78b3dac93ae141f6.json","78b3dac93ae141f6"
"E:\AntigravitiProgetti\CompendioTheWitcher\_tools\src-packs\MAGIA\base\witcher-rituals\Vaso_d'Incantesimi_6ceef369efb84351.json","6ceef369efb84351"
"E:\AntigravitiProgetti\CompendioTheWitcher\_tools\src-packs\MAGIA\base\witcher-runes\Chernobog.json","473e058105d580c6"
"E:\AntigravitiProgetti\CompendioTheWitcher\_tools\src-packs\MAGIA\base\witcher-runes\Dazhbog.json","9d99c60581f09e9d"
"E:\AntigravitiProgetti\CompendioTheWitcher\_tools\src-packs\MAGIA\base\witcher-runes\Devana.json","84d6600ffe12ec6a"
"E:\AntigravitiProgetti\CompendioTheWitcher\_tools\src-packs\MAGIA\base\witcher-runes\Glifo del Fuoco.json","c0cf70a762ffe38f"
"E:\AntigravitiProgetti\CompendioTheWitcher\_tools\src-packs\MAGIA\base\witcher-runes\Glifo dell'Acqua.json","50f25aafdfd4f85d"
"E:\AntigravitiProgetti\CompendioTheWitcher\_tools\src-packs\MAGIA\base\witcher-runes\Glifo dell'Aria.json","0734f78558e6e553"
"E:\AntigravitiProgetti\CompendioTheWitcher\_tools\src-packs\MAGIA\base\witcher-runes\Glifo della Terra.json","3666219674b81b0e"
"E:\AntigravitiProgetti\CompendioTheWitcher\_tools\src-packs\MAGIA\base\witcher-runes\Glifo di Magia.json","9d24fcb36cc2c3a0"
"E:\AntigravitiProgetti\CompendioTheWitcher\_tools\src-packs\MAGIA\base\witcher-runes\Morana.json","6f1799979e9cbf7b"
"E:\AntigravitiProgetti\CompendioTheWitcher\_tools\src-packs\MAGIA\base\witcher-runes\Perun.json","89ff458911c59973"
"E:\AntigravitiProgetti\CompendioTheWitcher\_tools\src-packs\MAGIA\base\witcher-runes\Stribog.json","2c794e88a5e114c1"
"E:\AntigravitiProgetti\CompendioTheWitcher\_tools\src-packs\MAGIA\base\witcher-runes\Svarog.json","d649e85510cfbdb8"
"E:\AntigravitiProgetti\CompendioTheWitcher\_tools\src-packs\MAGIA\base\witcher-runes\Triglav.json","4801df417ac522ab"
"E:\AntigravitiProgetti\CompendioTheWitcher\_tools\src-packs\MAGIA\base\witcher-runes\Veles.json","1afe55a9f732288c"
"E:\AntigravitiProgetti\CompendioTheWitcher\_tools\src-packs\MAGIA\base\witcher-runes\Zoria.json","905e88dfef1ef2dd"
"E:\AntigravitiProgetti\CompendioTheWitcher\_tools\src-packs\MAGIA\base\witcher-signs\Aard.json","5fb83a38f6c16baa"
"E:\AntigravitiProgetti\CompendioTheWitcher\_tools\src-packs\MAGIA\base\witcher-signs\Axii.json","d56b94a8539ed257"
"E:\AntigravitiProgetti\CompendioTheWitcher\_tools\src-packs\MAGIA\base\witcher-signs\Fiammata.json","faa7388b82dc0dd0"
"E:\AntigravitiProgetti\CompendioTheWitcher\_tools\src-packs\MAGIA\base\witcher-signs\Igni.json","bd81dc5dd8db5004"
"E:\AntigravitiProgetti\CompendioTheWitcher\_tools\src-packs\MAGIA\base\witcher-signs\Marionetta.json","4d083e22ca4dba4c"
"E:\AntigravitiProgetti\CompendioTheWitcher\_tools\src-packs\MAGIA\base\witcher-signs\Quen.json","7f9e31d6dc07c8f8"
"E:\AntigravitiProgetti\CompendioTheWitcher\_tools\src-packs\MAGIA\base\witcher-signs\Scudo Attivo.json","0b7c0404e84dc3e7"
"E:\AntigravitiProgetti\CompendioTheWitcher\_tools\src-packs\MAGIA\base\witcher-signs\Spazzata Aard.json","21d00910b05b6578"
"E:\AntigravitiProgetti\CompendioTheWitcher\_tools\src-packs\MAGIA\base\witcher-signs\Trappola Magica.json","643ce730a6794c3f"
"E:\AntigravitiProgetti\CompendioTheWitcher\_tools\src-packs\MAGIA\base\witcher-signs\Yrden.json","880cc00a475fd07f"
"E:\AntigravitiProgetti\CompendioTheWitcher\_tools\src-packs\MAGIA\base\witcher-spells\Acquazzone_402d36bee857486c.json","402d36bee857486c"
"E:\AntigravitiProgetti\CompendioTheWitcher\_tools\src-packs\MAGIA\base\witcher-spells\Adenydd_5750cd6d5a9640c6.json","5750cd6d5a9640c6"
"E:\AntigravitiProgetti\CompendioTheWitcher\_tools\src-packs\MAGIA\base\witcher-spells\Aenye_47102457bb98469c.json","47102457bb98469c"
"E:\AntigravitiProgetti\CompendioTheWitcher\_tools\src-packs\MAGIA\base\witcher-spells\Aine_Verseos_1e50b5373f534d66.json","1e50b5373f534d66"
"E:\AntigravitiProgetti\CompendioTheWitcher\_tools\src-packs\MAGIA\base\witcher-spells\Alzare_le_Fiamme_6cc19cb05ee34cd7.json","6cc19cb05ee34cd7"
"E:\AntigravitiProgetti\CompendioTheWitcher\_tools\src-packs\MAGIA\base\witcher-spells\Anialwch_599c536b937548ba.json","599c536b937548ba"
"E:\AntigravitiProgetti\CompendioTheWitcher\_tools\src-packs\MAGIA\base\witcher-spells\Arieggiare_12d1301ee1fe4806.json","12d1301ee1fe4806"
"E:\AntigravitiProgetti\CompendioTheWitcher\_tools\src-packs\MAGIA\base\witcher-spells\Bussola_Magica_017f9a4e6361438f.json","017f9a4e6361438f"
"E:\AntigravitiProgetti\CompendioTheWitcher\_tools\src-packs\MAGIA\base\witcher-spells\Cenlly_Graig_02701420cd554a85.json","02701420cd554a85"
"E:\AntigravitiProgetti\CompendioTheWitcher\_tools\src-packs\MAGIA\base\witcher-spells\Codi_Bywyd_0984857645344e5c.json","0984857645344e5c"
"E:\AntigravitiProgetti\CompendioTheWitcher\_tools\src-packs\MAGIA\base\witcher-spells\Comando_Mentale_3575177c150740db.json","3575177c150740db"
"E:\AntigravitiProgetti\CompendioTheWitcher\_tools\src-packs\MAGIA\base\witcher-spells\Controllare_Acque_69c73fb2a4d44e77.json","69c73fb2a4d44e77"
"E:\AntigravitiProgetti\CompendioTheWitcher\_tools\src-packs\MAGIA\base\witcher-spells\Derviscio_35ef0427a79d40bd.json","35ef0427a79d40bd"
"E:\AntigravitiProgetti\CompendioTheWitcher\_tools\src-packs\MAGIA\base\witcher-spells\Dissipazione_722238936d204bf7.json","722238936d204bf7"
"E:\AntigravitiProgetti\CompendioTheWitcher\_tools\src-packs\MAGIA\base\witcher-spells\Dividere_le_Acque_010dc43d08144862.json","010dc43d08144862"
"E:\AntigravitiProgetti\CompendioTheWitcher\_tools\src-packs\MAGIA\base\witcher-spells\Effetto_Specchio_4be005ca974d403e.json","4be005ca974d403e"
"E:\AntigravitiProgetti\CompendioTheWitcher\_tools\src-packs\MAGIA\base\witcher-spells\Evoca_Bordone_111649d616ff4496.json","111649d616ff4496"
"E:\AntigravitiProgetti\CompendioTheWitcher\_tools\src-packs\MAGIA\base\witcher-spells\Fascino_291f29f02c5a4ac8.json","291f29f02c5a4ac8"
"E:\AntigravitiProgetti\CompendioTheWitcher\_tools\src-packs\MAGIA\base\witcher-spells\Fiammata_2810f6f48d3244c0.json","2810f6f48d3244c0"
"E:\AntigravitiProgetti\CompendioTheWitcher\_tools\src-packs\MAGIA\base\witcher-spells\Folata_di_Bronwyn_715c4de0d12141ec.json","715c4de0d12141ec"
"E:\AntigravitiProgetti\CompendioTheWitcher\_tools\src-packs\MAGIA\base\witcher-spells\Fuoco_di_Maelgar_6a1fe90d48504582.json","6a1fe90d48504582"
"E:\AntigravitiProgetti\CompendioTheWitcher\_tools\src-packs\MAGIA\base\witcher-spells\Grandinata_di_Carys_d53f0fc6bdc740c1.json","d53f0fc6bdc740c1"
"E:\AntigravitiProgetti\CompendioTheWitcher\_tools\src-packs\MAGIA\base\witcher-spells\Grandine_di_Merigold_646b97660ebc4703.json","646b97660ebc4703"
"E:\AntigravitiProgetti\CompendioTheWitcher\_tools\src-packs\MAGIA\base\witcher-spells\Guarigione_Magica_2cbb2027b41a400d.json","2cbb2027b41a400d"
"E:\AntigravitiProgetti\CompendioTheWitcher\_tools\src-packs\MAGIA\base\witcher-spells\Gwynt_Troelli_3205ca2d51214201.json","3205ca2d51214201"
"E:\AntigravitiProgetti\CompendioTheWitcher\_tools\src-packs\MAGIA\base\witcher-spells\Illusione_c4bbce96c85045ed.json","c4bbce96c85045ed"
"E:\AntigravitiProgetti\CompendioTheWitcher\_tools\src-packs\MAGIA\base\witcher-spells\Incantesimo_Diagnostico_4375d03295e24907.json","4375d03295e24907"
"E:\AntigravitiProgetti\CompendioTheWitcher\_tools\src-packs\MAGIA\base\witcher-spells\Lampo_Magico_662f8dd782ac45df.json","662f8dd782ac45df"
"E:\AntigravitiProgetti\CompendioTheWitcher\_tools\src-packs\MAGIA\base\witcher-spells\Lastra_di_Ghiaccio_408bcf5ba9eb4b89.json","408bcf5ba9eb4b89"
"E:\AntigravitiProgetti\CompendioTheWitcher\_tools\src-packs\MAGIA\base\witcher-spells\Maledizione_di_Sedna_57e3266dd0c5432c.json","57e3266dd0c5432c"
"E:\AntigravitiProgetti\CompendioTheWitcher\_tools\src-packs\MAGIA\base\witcher-spells\Manipolazione_Mentale_ab2205cf68c1454b.json","ab2205cf68c1454b"
"E:\AntigravitiProgetti\CompendioTheWitcher\_tools\src-packs\MAGIA\base\witcher-spells\Marchio_a_Fuoco_0ba6ff15662a4c09.json","0ba6ff15662a4c09"
"E:\AntigravitiProgetti\CompendioTheWitcher\_tools\src-packs\MAGIA\base\witcher-spells\Moto_di_Demetia_Crest_a774e38aee9041a9.json","a774e38aee9041a9"
"E:\AntigravitiProgetti\CompendioTheWitcher\_tools\src-packs\MAGIA\base\witcher-spells\Nebbia_di_Dormyn_947d2183295f4a0f.json","947d2183295f4a0f"
"E:\AntigravitiProgetti\CompendioTheWitcher\_tools\src-packs\MAGIA\base\witcher-spells\Ondate_della_Naglfar_a2261d5af20b421a.json","a2261d5af20b421a"
"E:\AntigravitiProgetti\CompendioTheWitcher\_tools\src-packs\MAGIA\base\witcher-spells\Penna_di_Luthien_3785bd470b1e444b.json","3785bd470b1e444b"
"E:\AntigravitiProgetti\CompendioTheWitcher\_tools\src-packs\MAGIA\base\witcher-spells\Polimorfismo_2f5840066dfd4d3e.json","2f5840066dfd4d3e"
"E:\AntigravitiProgetti\CompendioTheWitcher\_tools\src-packs\MAGIA\base\witcher-spells\Polvere_Accecante_3fc32242754d4748.json","3fc32242754d4748"
"E:\AntigravitiProgetti\CompendioTheWitcher\_tools\src-packs\MAGIA\base\witcher-spells\Portale_c1e3fdfabc4c461a.json","c1e3fdfabc4c461a"
"E:\AntigravitiProgetti\CompendioTheWitcher\_tools\src-packs\MAGIA\base\witcher-spells\Prigione_di_Talfryn_c9c21208248246fb.json","c9c21208248246fb"
"E:\AntigravitiProgetti\CompendioTheWitcher\_tools\src-packs\MAGIA\base\witcher-spells\Puro_Dwr_bd732e16de4644a3.json","bd732e16de4644a3"
"E:\AntigravitiProgetti\CompendioTheWitcher\_tools\src-packs\MAGIA\base\witcher-spells\Rhewi_0ca81fcd4de64234.json","0ca81fcd4de64234"
"E:\AntigravitiProgetti\CompendioTheWitcher\_tools\src-packs\MAGIA\base\witcher-spells\Rhwystr_Graig_290769e2377c4bcf.json","290769e2377c4bcf"
"E:\AntigravitiProgetti\CompendioTheWitcher\_tools\src-packs\MAGIA\base\witcher-spells\Riparo_di_Urien_2c79fa0a085a47bf.json","2c79fa0a085a47bf"
"E:\AntigravitiProgetti\CompendioTheWitcher\_tools\src-packs\MAGIA\base\witcher-spells\Sacca_dAria_2587b5e8257b4f8e.json","2587b5e8257b4f8e"
"E:\AntigravitiProgetti\CompendioTheWitcher\_tools\src-packs\MAGIA\base\witcher-spells\Seirff_Haul_3adef612679c4741.json","3adef612679c4741"
"E:\AntigravitiProgetti\CompendioTheWitcher\_tools\src-packs\MAGIA\base\witcher-spells\Soffio_di_Korath_9021932acfa045c1.json","9021932acfa045c1"
"E:\AntigravitiProgetti\CompendioTheWitcher\_tools\src-packs\MAGIA\base\witcher-spells\Soffocare_26c7b27bc18d4a2b.json","26c7b27bc18d4a2b"
"E:\AntigravitiProgetti\CompendioTheWitcher\_tools\src-packs\MAGIA\base\witcher-spells\Specchio_di_Afan_37fa01579d6a443c.json","37fa01579d6a443c"
"E:\AntigravitiProgetti\CompendioTheWitcher\_tools\src-packs\MAGIA\base\witcher-spells\Spuntone_di_Terra_0a7318b72d07420c.json","0a7318b72d07420c"
"E:\AntigravitiProgetti\CompendioTheWitcher\_tools\src-packs\MAGIA\base\witcher-spells\Stretta_di_Cadfan_08d246528229495a.json","08d246528229495a"
"E:\AntigravitiProgetti\CompendioTheWitcher\_tools\src-packs\MAGIA\base\witcher-spells\Tanio_Ilchar_158342031e264916.json","158342031e264916"
"E:\AntigravitiProgetti\CompendioTheWitcher\_tools\src-packs\MAGIA\base\witcher-spells\Tecnica_di_Eilhart_b78e0c561c15484d.json","b78e0c561c15484d"
"E:\AntigravitiProgetti\CompendioTheWitcher\_tools\src-packs\MAGIA\base\witcher-spells\Telecinesi_68059b976525467f.json","68059b976525467f"
"E:\AntigravitiProgetti\CompendioTheWitcher\_tools\src-packs\MAGIA\base\witcher-spells\Telepatia_033ec505d8064820.json","033ec505d8064820"
"E:\AntigravitiProgetti\CompendioTheWitcher\_tools\src-packs\MAGIA\base\witcher-spells\Teletrasporto_159ee1eec69c4961.json","159ee1eec69c4961"
"E:\AntigravitiProgetti\CompendioTheWitcher\_tools\src-packs\MAGIA\base\witcher-spells\Tempesta_di_Fulmini_90697777a5c649bd.json","90697777a5c649bd"
"E:\AntigravitiProgetti\CompendioTheWitcher\_tools\src-packs\MAGIA\base\witcher-spells\Tempesta_Statica_2b695655fadb4810.json","2b695655fadb4810"
"E:\AntigravitiProgetti\CompendioTheWitcher\_tools\src-packs\MAGIA\base\witcher-spells\Teoria_di_Elgan_bfee7ff79d9442ad.json","bfee7ff79d9442ad"
"E:\AntigravitiProgetti\CompendioTheWitcher\_tools\src-packs\MAGIA\base\witcher-spells\Terremoto_di_Stammelford_4464e54ced534adb.json","4464e54ced534adb"
"E:\AntigravitiProgetti\CompendioTheWitcher\_tools\src-packs\MAGIA\base\witcher-spells\Trasmutazione_67f468d5e4054225.json","67f468d5e4054225"
"E:\AntigravitiProgetti\CompendioTheWitcher\_tools\src-packs\MAGIA\base\witcher-spells\Tryferi_Gaeaf_5d3f49217af34e78.json","5d3f49217af34e78"
"E:\AntigravitiProgetti\CompendioTheWitcher\_tools\src-packs\MAGIA\base\witcher-spells\Tuono_di_Alzur_07cea574175e4a2a.json","07cea574175e4a2a"
"E:\AntigravitiProgetti\CompendioTheWitcher\_tools\src-packs\MAGIA\base\witcher-spells\Vortice_Fiammeggiante_08816405b9304d1e.json","08816405b9304d1e"
"E:\AntigravitiProgetti\CompendioTheWitcher\_tools\src-packs\MAGIA\base\witcher-spells\Zefiro_77825124528445ab.json","77825124528445ab"
"E:\AntigravitiProgetti\CompendioTheWitcher\_tools\src-packs\MAGIA\caos\witcher-gifts\Aerocinesi.json","995c5833bac01ffa"
"E:\AntigravitiProgetti\CompendioTheWitcher\_tools\src-packs\MAGIA\caos\witcher-gifts\Aura di Paura.json","e4e8caafb8e07c59"
"E:\AntigravitiProgetti\CompendioTheWitcher\_tools\src-packs\MAGIA\caos\witcher-gifts\Calmare Animali.json","e7b1dd8e80a182cb"
"E:\AntigravitiProgetti\CompendioTheWitcher\_tools\src-packs\MAGIA\caos\witcher-gifts\Criocinesi.json","a85157a813714c79"
"E:\AntigravitiProgetti\CompendioTheWitcher\_tools\src-packs\MAGIA\caos\witcher-gifts\Fortificare.json","cc135175a9dc9efd"
"E:\AntigravitiProgetti\CompendioTheWitcher\_tools\src-packs\MAGIA\caos\witcher-gifts\Geocinesi.json","9fb964c591fc8f8a"
"E:\AntigravitiProgetti\CompendioTheWitcher\_tools\src-packs\MAGIA\caos\witcher-gifts\Migliorare Arma.json","6f8284250c334c11"
"E:\AntigravitiProgetti\CompendioTheWitcher\_tools\src-packs\MAGIA\caos\witcher-gifts\Minuscola Illusione.json","ab9858d8d71d4ba0"
"E:\AntigravitiProgetti\CompendioTheWitcher\_tools\src-packs\MAGIA\caos\witcher-gifts\Percepire Veleno.json","fb3658dd44454676"
"E:\AntigravitiProgetti\CompendioTheWitcher\_tools\src-packs\MAGIA\caos\witcher-gifts\Piedi Rapidi.json","631732f03b810a2d"
"E:\AntigravitiProgetti\CompendioTheWitcher\_tools\src-packs\MAGIA\caos\witcher-gifts\Pigmento.json","2a7dd2599471545c"
"E:\AntigravitiProgetti\CompendioTheWitcher\_tools\src-packs\MAGIA\caos\witcher-gifts\Pirocinesi.json","9293cbd4ddb5e227"
"E:\AntigravitiProgetti\CompendioTheWitcher\_tools\src-packs\MAGIA\caos\witcher-gifts\Pollice Verde.json","db5f4d52cc1aa355"
"E:\AntigravitiProgetti\CompendioTheWitcher\_tools\src-packs\MAGIA\caos\witcher-gifts\Vedere Aura.json","ec5e697b311ca381"
"E:\AntigravitiProgetti\CompendioTheWitcher\_tools\src-packs\MAGIA\caos\witcher-goetia\Evocazione Controllata.json","6bf8953ebcbecad4"
"E:\AntigravitiProgetti\CompendioTheWitcher\_tools\src-packs\MAGIA\caos\witcher-goetia\Evocazione Incontrollata.json","c23c883585706c8b"
"E:\AntigravitiProgetti\CompendioTheWitcher\_tools\src-packs\MAGIA\caos\witcher-goetia\Rituale del Manto di Capra.json","7fbbed644aec6f5a"
"E:\AntigravitiProgetti\CompendioTheWitcher\_tools\src-packs\MAGIA\caos\witcher-goetia\Rituale del Nome.json","4c57425768568f20"
"E:\AntigravitiProgetti\CompendioTheWitcher\_tools\src-packs\MAGIA\caos\witcher-goetia\Rituale del Vincolo.json","2b279ceee360465c"
"E:\AntigravitiProgetti\CompendioTheWitcher\_tools\src-packs\MAGIA\caos\witcher-hexes\Bisogno Insaziabile.json","690b79154deccbf9"
"E:\AntigravitiProgetti\CompendioTheWitcher\_tools\src-packs\MAGIA\caos\witcher-hexes\Fattura della Dimenticanza.json","5e445592e955a0b3"
"E:\AntigravitiProgetti\CompendioTheWitcher\_tools\src-packs\MAGIA\caos\witcher-hexes\Fattura Odiosa.json","9445945550c76016"
"E:\AntigravitiProgetti\CompendioTheWitcher\_tools\src-packs\MAGIA\caos\witcher-hexes\Maledizione della Temperanza.json","abc6dfbc44f1f138"
"E:\AntigravitiProgetti\CompendioTheWitcher\_tools\src-packs\MAGIA\caos\witcher-hexes\Malocchio.json","e41d5b60d53e2d23"
"E:\AntigravitiProgetti\CompendioTheWitcher\_tools\src-packs\MAGIA\caos\witcher-hexes\Ossa di Vetro.json","5677182fe501ce6e"
"E:\AntigravitiProgetti\CompendioTheWitcher\_tools\src-packs\MAGIA\caos\witcher-invocations\Arma Benedetta.json","4659e63140719cbd"
"E:\AntigravitiProgetti\CompendioTheWitcher\_tools\src-packs\MAGIA\caos\witcher-invocations\Banchetto dell'Abbondanza.json","ed764b8d9de13010"
"E:\AntigravitiProgetti\CompendioTheWitcher\_tools\src-packs\MAGIA\caos\witcher-invocations\Benedizione dell'Abbondanza.json","24853917502cf694"
"E:\AntigravitiProgetti\CompendioTheWitcher\_tools\src-packs\MAGIA\caos\witcher-invocations\Campione del Fiume.json","24945b9cb2f32b12"
"E:\AntigravitiProgetti\CompendioTheWitcher\_tools\src-packs\MAGIA\caos\witcher-invocations\Cercare i Cercatori.json","66078d69acdb040c"
"E:\AntigravitiProgetti\CompendioTheWitcher\_tools\src-packs\MAGIA\caos\witcher-invocations\Cospirazione della Madre.json","6fa6022c7ef04255"
"E:\AntigravitiProgetti\CompendioTheWitcher\_tools\src-packs\MAGIA\caos\witcher-invocations\Erboristeria.json","99b20c07a03c8876"
"E:\AntigravitiProgetti\CompendioTheWitcher\_tools\src-packs\MAGIA\caos\witcher-invocations\Falsa Oscurit?.json","0da8af0642bc65ba"
"E:\AntigravitiProgetti\CompendioTheWitcher\_tools\src-packs\MAGIA\caos\witcher-invocations\Impurit? di Bigelow.json","97fccec8b1720c49"
"E:\AntigravitiProgetti\CompendioTheWitcher\_tools\src-packs\MAGIA\caos\witcher-invocations\Ira della Natura.json","15e5cf3fae0598a8"
"E:\AntigravitiProgetti\CompendioTheWitcher\_tools\src-packs\MAGIA\caos\witcher-invocations\Ispirazione Divina.json","65606a7e57010946"
"E:\AntigravitiProgetti\CompendioTheWitcher\_tools\src-packs\MAGIA\caos\witcher-invocations\Luce Argentea.json","294d2f7d77a5399e"
"E:\AntigravitiProgetti\CompendioTheWitcher\_tools\src-packs\MAGIA\caos\witcher-invocations\Luce di Penitenza.json","e39533c5de3f4a91"
"E:\AntigravitiProgetti\CompendioTheWitcher\_tools\src-packs\MAGIA\caos\witcher-invocations\Mandria Benedetta.json","c49f876526fd21f6"
"E:\AntigravitiProgetti\CompendioTheWitcher\_tools\src-packs\MAGIA\caos\witcher-invocations\Marchio dell'Avvizzimento.json","06da02652cd268d5"
"E:\AntigravitiProgetti\CompendioTheWitcher\_tools\src-packs\MAGIA\caos\witcher-invocations\Miracolo di Lebioda.json","e0891f52a120f1d6"
"E:\AntigravitiProgetti\CompendioTheWitcher\_tools\src-packs\MAGIA\caos\witcher-invocations\Ombra di Bleobheris.json","db8792a0cf9f7a62"
"E:\AntigravitiProgetti\CompendioTheWitcher\_tools\src-packs\MAGIA\caos\witcher-invocations\Parola Evocatrice.json","72046cbc5f9c4f3a"
"E:\AntigravitiProgetti\CompendioTheWitcher\_tools\src-packs\MAGIA\caos\witcher-invocations\Penna del Divino.json","ad4bc5848b3a15ad"
"E:\AntigravitiProgetti\CompendioTheWitcher\_tools\src-packs\MAGIA\caos\witcher-invocations\Pozzo di Conoscenza.json","9f7c1b8f48f5735a"
"E:\AntigravitiProgetti\CompendioTheWitcher\_tools\src-packs\MAGIA\caos\witcher-invocations\Presagi di Sventura.json","9cf62182fd34f93d"
"E:\AntigravitiProgetti\CompendioTheWitcher\_tools\src-packs\MAGIA\caos\witcher-invocations\Presenza del Divino.json","b966ba93c6ac9b39"
"E:\AntigravitiProgetti\CompendioTheWitcher\_tools\src-packs\MAGIA\caos\witcher-invocations\Ragnatela di Radici.json","16bc7edb38120ac1"
"E:\AntigravitiProgetti\CompendioTheWitcher\_tools\src-packs\MAGIA\caos\witcher-invocations\Sagitta Aurea.json","dd36e3bc351891fa"
"E:\AntigravitiProgetti\CompendioTheWitcher\_tools\src-packs\MAGIA\caos\witcher-invocations\Sangue del Berserker.json","9a1bf3d35c79a022"
"E:\AntigravitiProgetti\CompendioTheWitcher\_tools\src-packs\MAGIA\caos\witcher-invocations\Sangue del Monte.json","ea6dce11dfd6a49f"
"E:\AntigravitiProgetti\CompendioTheWitcher\_tools\src-packs\MAGIA\caos\witcher-invocations\Santuario del Bosco Nero.json","779ebc0c98030c74"
"E:\AntigravitiProgetti\CompendioTheWitcher\_tools\src-packs\MAGIA\caos\witcher-invocations\Sigillo d'Abbondanza.json","e763747740dd64bd"
"E:\AntigravitiProgetti\CompendioTheWitcher\_tools\src-packs\MAGIA\caos\witcher-invocations\Sigillo della Caccia.json","dcaa784ae9f593a6"
"E:\AntigravitiProgetti\CompendioTheWitcher\_tools\src-packs\MAGIA\caos\witcher-invocations\Totem Druidico.json","d993fc8b13d72ceb"
"E:\AntigravitiProgetti\CompendioTheWitcher\_tools\src-packs\MAGIA\caos\witcher-invocations\Vendetta del Corvo.json","5f47920e7e84fb63"
"E:\AntigravitiProgetti\CompendioTheWitcher\_tools\src-packs\MAGIA\caos\witcher-invocations\Venti della Taiga.json","63e455a736e3a561"
"E:\AntigravitiProgetti\CompendioTheWitcher\_tools\src-packs\MAGIA\caos\witcher-invocations\Voce del Consigliere.json","3b2316375edc1e4a"
"E:\AntigravitiProgetti\CompendioTheWitcher\_tools\src-packs\MAGIA\caos\witcher-rituals-chaos\Animare_Armatura_ba5d67e658aa46b7.json","ba5d67e658aa46b7"
"E:\AntigravitiProgetti\CompendioTheWitcher\_tools\src-packs\MAGIA\caos\witcher-rituals-chaos\Ciondolo_di_Wagerer_71019f819cc849db.json","71019f819cc849db"
"E:\AntigravitiProgetti\CompendioTheWitcher\_tools\src-packs\MAGIA\caos\witcher-rituals-chaos\Creare_Luogo_di_Potere_d12a8d75cc4c4de4.json","d12a8d75cc4c4de4"
"E:\AntigravitiProgetti\CompendioTheWitcher\_tools\src-packs\MAGIA\caos\witcher-rituals-chaos\Creare_Teschio_di_Cristallo_001acd2273064baf.json","001acd2273064baf"
"E:\AntigravitiProgetti\CompendioTheWitcher\_tools\src-packs\MAGIA\caos\witcher-rituals-chaos\Faro_dell'Innaturale_63674c6182df4da2.json","63674c6182df4da2"
"E:\AntigravitiProgetti\CompendioTheWitcher\_tools\src-packs\MAGIA\caos\witcher-rituals-chaos\Incantare_Amuleto_e3bad33bb8d44ce7.json","e3bad33bb8d44ce7"
"E:\AntigravitiProgetti\CompendioTheWitcher\_tools\src-packs\MAGIA\caos\witcher-rituals-chaos\Infondere_Trofeo_fc30eef8f5244027.json","fc30eef8f5244027"
"E:\AntigravitiProgetti\CompendioTheWitcher\_tools\src-packs\MAGIA\caos\witcher-rituals-chaos\Nebbia_del_Passato_233351ef85964db9.json","233351ef85964db9"
"E:\AntigravitiProgetti\CompendioTheWitcher\_tools\src-packs\MAGIA\caos\witcher-rituals-chaos\Registro_Magico_degli_Ospiti_377230655e414158.json","377230655e414158"
"E:\AntigravitiProgetti\CompendioTheWitcher\_tools\src-packs\MAGIA\caos\witcher-rituals-chaos\Tiromanzia_7f6be1a2142c4af5.json","7f6be1a2142c4af5"
"E:\AntigravitiProgetti\CompendioTheWitcher\_tools\src-packs\MAGIA\caos\witcher-signs-chaos\Somne.json","4ae71a0ea578ba36"
"E:\AntigravitiProgetti\CompendioTheWitcher\_tools\src-packs\MAGIA\caos\witcher-signs-chaos\Supirre.json","22d8d66b42cf4e1b"
"E:\AntigravitiProgetti\CompendioTheWitcher\_tools\src-packs\MAGIA\caos\witcher-spells-chaos\Acuire_Sensi_835c4ae404434aa7.json","835c4ae404434aa7"
"E:\AntigravitiProgetti\CompendioTheWitcher\_tools\src-packs\MAGIA\caos\witcher-spells-chaos\Ammorbidire_Terra_a4e2f1daa3f54334.json","a4e2f1daa3f54334"
"E:\AntigravitiProgetti\CompendioTheWitcher\_tools\src-packs\MAGIA\caos\witcher-spells-chaos\Arco_di_Bronwyn_3c512853f45a4355.json","3c512853f45a4355"
"E:\AntigravitiProgetti\CompendioTheWitcher\_tools\src-packs\MAGIA\caos\witcher-spells-chaos\Arrugginire_0051a52825f345b4.json","0051a52825f345b4"
"E:\AntigravitiProgetti\CompendioTheWitcher\_tools\src-packs\MAGIA\caos\witcher-spells-chaos\Bastione_di_Elgan_35d1f0d06aca409e.json","35d1f0d06aca409e"
"E:\AntigravitiProgetti\CompendioTheWitcher\_tools\src-packs\MAGIA\caos\witcher-spells-chaos\Camera_di_Dormyn_357c1a71b3cc4361.json","357c1a71b3cc4361"
"E:\AntigravitiProgetti\CompendioTheWitcher\_tools\src-packs\MAGIA\caos\witcher-spells-chaos\Compromettere_Focus_993f3aa4fa524ff4.json","993f3aa4fa524ff4"
"E:\AntigravitiProgetti\CompendioTheWitcher\_tools\src-packs\MAGIA\caos\witcher-spells-chaos\Corrente_4b0ef976f239497b.json","4b0ef976f239497b"
"E:\AntigravitiProgetti\CompendioTheWitcher\_tools\src-packs\MAGIA\caos\witcher-spells-chaos\Cryfhau_95a1b0b5c73845d6.json","95a1b0b5c73845d6"
"E:\AntigravitiProgetti\CompendioTheWitcher\_tools\src-packs\MAGIA\caos\witcher-spells-chaos\Essenza_della_Pozione_e50fd823e97a47ea.json","e50fd823e97a47ea"
"E:\AntigravitiProgetti\CompendioTheWitcher\_tools\src-packs\MAGIA\caos\witcher-spells-chaos\Estrazione_di_Ainfra_e404ad7bbaa849d2.json","e404ad7bbaa849d2"
"E:\AntigravitiProgetti\CompendioTheWitcher\_tools\src-packs\MAGIA\caos\witcher-spells-chaos\Fiamma_Innocua_ada0e219276940dd.json","ada0e219276940dd"
"E:\AntigravitiProgetti\CompendioTheWitcher\_tools\src-packs\MAGIA\caos\witcher-spells-chaos\Forgia_del_Mago_b2fc97102f4940b3.json","b2fc97102f4940b3"
"E:\AntigravitiProgetti\CompendioTheWitcher\_tools\src-packs\MAGIA\caos\witcher-spells-chaos\Frana_di_Bekker_24d41ae23b544f47.json","24d41ae23b544f47"
"E:\AntigravitiProgetti\CompendioTheWitcher\_tools\src-packs\MAGIA\caos\witcher-spells-chaos\Fulmine_Globulare_7e116b8932984818.json","7e116b8932984818"
"E:\AntigravitiProgetti\CompendioTheWitcher\_tools\src-packs\MAGIA\caos\witcher-spells-chaos\Fumo_di_Vahila_bd1e6c2567b04268.json","bd1e6c2567b04268"
"E:\AntigravitiProgetti\CompendioTheWitcher\_tools\src-packs\MAGIA\caos\witcher-spells-chaos\Fuoco_Vivente_a6bbebfc3ee54b09.json","a6bbebfc3ee54b09"
"E:\AntigravitiProgetti\CompendioTheWitcher\_tools\src-packs\MAGIA\caos\witcher-spells-chaos\Getto_d'Acqua_9d9b60ba8edf4699.json","9d9b60ba8edf4699"
"E:\AntigravitiProgetti\CompendioTheWitcher\_tools\src-packs\MAGIA\caos\witcher-spells-chaos\Gwyntog_00f2e384579f4b97.json","00f2e384579f4b97"
"E:\AntigravitiProgetti\CompendioTheWitcher\_tools\src-packs\MAGIA\caos\witcher-spells-chaos\Immobilizzare_Lingua_8affa6f267db4468.json","8affa6f267db4468"
"E:\AntigravitiProgetti\CompendioTheWitcher\_tools\src-packs\MAGIA\caos\witcher-spells-chaos\Individuare_Linee_Geomantiche_7c492646ce084b6f.json","7c492646ce084b6f"
"E:\AntigravitiProgetti\CompendioTheWitcher\_tools\src-packs\MAGIA\caos\witcher-spells-chaos\Intensificare_Odore_8e435a871f4b45a0.json","8e435a871f4b45a0"
"E:\AntigravitiProgetti\CompendioTheWitcher\_tools\src-packs\MAGIA\caos\witcher-spells-chaos\Invaerne_21d3cff617a04cf5.json","21d3cff617a04cf5"
"E:\AntigravitiProgetti\CompendioTheWitcher\_tools\src-packs\MAGIA\caos\witcher-spells-chaos\Laccio_Spettrale_6c600355fece4654.json","6c600355fece4654"
"E:\AntigravitiProgetti\CompendioTheWitcher\_tools\src-packs\MAGIA\caos\witcher-spells-chaos\Macchia_b3b6849ce9ce4990.json","b3b6849ce9ce4990"
"E:\AntigravitiProgetti\CompendioTheWitcher\_tools\src-packs\MAGIA\caos\witcher-spells-chaos\Mano_della_Tempesta_7658c63c20704bf9.json","7658c63c20704bf9"
"E:\AntigravitiProgetti\CompendioTheWitcher\_tools\src-packs\MAGIA\caos\witcher-spells-chaos\Manto_3a10452f49724eaa.json","3a10452f49724eaa"
"E:\AntigravitiProgetti\CompendioTheWitcher\_tools\src-packs\MAGIA\caos\witcher-spells-chaos\Metodo_di_Savolla_253d3401bb9848e4.json","253d3401bb9848e4"
"E:\AntigravitiProgetti\CompendioTheWitcher\_tools\src-packs\MAGIA\caos\witcher-spells-chaos\Modellare_Terra_9a44fb35f2fd4476.json","9a44fb35f2fd4476"
"E:\AntigravitiProgetti\CompendioTheWitcher\_tools\src-packs\MAGIA\caos\witcher-spells-chaos\Morte_di_Fergus_a871d01848604603.json","a871d01848604603"
"E:\AntigravitiProgetti\CompendioTheWitcher\_tools\src-packs\MAGIA\caos\witcher-spells-chaos\Nastro_Invisibile_920337b6d6274fe3.json","920337b6d6274fe3"
"E:\AntigravitiProgetti\CompendioTheWitcher\_tools\src-packs\MAGIA\caos\witcher-spells-chaos\Piedi_Leggeri_80cedc989a3e4ac6.json","80cedc989a3e4ac6"
"E:\AntigravitiProgetti\CompendioTheWitcher\_tools\src-packs\MAGIA\caos\witcher-spells-chaos\Piena_di_Ys_022b4bd365044f9f.json","022b4bd365044f9f"
"E:\AntigravitiProgetti\CompendioTheWitcher\_tools\src-packs\MAGIA\caos\witcher-spells-chaos\Pilastro_di_Terra_8a64e429bdeb4521.json","8a64e429bdeb4521"
"E:\AntigravitiProgetti\CompendioTheWitcher\_tools\src-packs\MAGIA\caos\witcher-spells-chaos\Portale_Trappola_d3dcf86aabc94f22.json","d3dcf86aabc94f22"
"E:\AntigravitiProgetti\CompendioTheWitcher\_tools\src-packs\MAGIA\caos\witcher-spells-chaos\Porta_di_Cenere_f829e6505e604b6c.json","f829e6505e604b6c"
"E:\AntigravitiProgetti\CompendioTheWitcher\_tools\src-packs\MAGIA\caos\witcher-spells-chaos\Rafforzare_f497b90779e14315.json","f497b90779e14315"
"E:\AntigravitiProgetti\CompendioTheWitcher\_tools\src-packs\MAGIA\caos\witcher-spells-chaos\Ragnatela_di_Ghiaccio_67ba7af0d06b4aa3.json","67ba7af0d06b4aa3"
"E:\AntigravitiProgetti\CompendioTheWitcher\_tools\src-packs\MAGIA\caos\witcher-spells-chaos\Recupero_Alchemico_cd7990e9ba1b4587.json","cd7990e9ba1b4587"
"E:\AntigravitiProgetti\CompendioTheWitcher\_tools\src-packs\MAGIA\caos\witcher-spells-chaos\Respiro_di_Aurora_a8a354fda9484b90.json","a8a354fda9484b90"
"E:\AntigravitiProgetti\CompendioTheWitcher\_tools\src-packs\MAGIA\caos\witcher-spells-chaos\Riaprire_Portale_525f64dd9f3a4e52.json","525f64dd9f3a4e52"
"E:\AntigravitiProgetti\CompendioTheWitcher\_tools\src-packs\MAGIA\caos\witcher-spells-chaos\Rubare_Incantesimo_d102639a8e52470b.json","d102639a8e52470b"
"E:\AntigravitiProgetti\CompendioTheWitcher\_tools\src-packs\MAGIA\caos\witcher-spells-chaos\Schermo_Magico_e72a7cd973694464.json","e72a7cd973694464"
"E:\AntigravitiProgetti\CompendioTheWitcher\_tools\src-packs\MAGIA\caos\witcher-spells-chaos\Sciame_di_Javed_d0c3bf353221443a.json","d0c3bf353221443a"
"E:\AntigravitiProgetti\CompendioTheWitcher\_tools\src-packs\MAGIA\caos\witcher-spells-chaos\Soffio_di_Fuoco_1c9cf18e3d594161.json","1c9cf18e3d594161"
"E:\AntigravitiProgetti\CompendioTheWitcher\_tools\src-packs\MAGIA\caos\witcher-spells-chaos\Specchio_Oscuro_di_Bekker_e38fb0797d824712.json","e38fb0797d824712"
"E:\AntigravitiProgetti\CompendioTheWitcher\_tools\src-packs\MAGIA\caos\witcher-spells-chaos\Stasi_Cristallina_351775f2e2194435.json","351775f2e2194435"
"E:\AntigravitiProgetti\CompendioTheWitcher\_tools\src-packs\MAGIA\caos\witcher-spells-chaos\Tocco_del_Fabbro_60f9c006bcff4a2d.json","60f9c006bcff4a2d"
"E:\AntigravitiProgetti\CompendioTheWitcher\_tools\src-packs\MAGIA\caos\witcher-spells-chaos\Tocco_Fulminante_87dbddf5a0f54ca4.json","87dbddf5a0f54ca4"
"E:\AntigravitiProgetti\CompendioTheWitcher\_tools\src-packs\MAGIA\caos\witcher-spells-chaos\Vampata_del_Korath_2a17afa86f65433c.json","2a17afa86f65433c"
"E:\AntigravitiProgetti\CompendioTheWitcher\_tools\src-packs\MAGIA\caos\witcher-spells-chaos\Velo_di_Fuoco_90a1026236d14e96.json","90a1026236d14e96"
"E:\AntigravitiProgetti\CompendioTheWitcher\_tools\src-packs\MAGIA\caos\witcher-spells-chaos\Velo_di_Polvere_b51a5c4b3b5f4210.json","b51a5c4b3b5f4210"
"E:\AntigravitiProgetti\CompendioTheWitcher\_tools\src-packs\MAGIA\racconti\witcher-spells-racconti\Akhan_Daal.json","7370656c6c6c7230303032"
"E:\AntigravitiProgetti\CompendioTheWitcher\_tools\src-packs\MAGIA\racconti\witcher-spells-racconti\Bufera_di_van_Adelaide.json","7370656c6c6c7230303033"
"E:\AntigravitiProgetti\CompendioTheWitcher\_tools\src-packs\MAGIA\racconti\witcher-spells-racconti\Procedura_di_Preece.json","7370656c6c6c7230303031"
"E:\AntigravitiProgetti\CompendioTheWitcher\_tools\src-packs\MAGIA\racconti\witcher-spells-racconti\Sostituzione_di_de_Claudine.json","7370656c6c6c7230303034"
"E:\AntigravitiProgetti\CompendioTheWitcher\_tools\src-packs\_DA_RICOLLOCARE\trofei\Trofeo_Arachas_dbf7c8bfbdaf41b7.json","dbf7c8bfbdaf41b7"
"E:\AntigravitiProgetti\CompendioTheWitcher\_tools\src-packs\_DA_RICOLLOCARE\trofei\Trofeo_Botchling_37c9da2357e14fbc.json","37c9da2357e14fbc"
"E:\AntigravitiProgetti\CompendioTheWitcher\_tools\src-packs\_DA_RICOLLOCARE\trofei\Trofeo_Bruxa_30d16057087f4259.json","30d16057087f4259"
"E:\AntigravitiProgetti\CompendioTheWitcher\_tools\src-packs\_DA_RICOLLOCARE\trofei\Trofeo_Bullvore_cc91de6008bf43ad.json","cc91de6008bf43ad"
"E:\AntigravitiProgetti\CompendioTheWitcher\_tools\src-packs\_DA_RICOLLOCARE\trofei\Trofeo_Ciclope_1b435ac7734e48e7.json","1b435ac7734e48e7"
"E:\AntigravitiProgetti\CompendioTheWitcher\_tools\src-packs\_DA_RICOLLOCARE\trofei\Trofeo_Cockatrice_c6154ef5d8c34bfe.json","c6154ef5d8c34bfe"
"E:\AntigravitiProgetti\CompendioTheWitcher\_tools\src-packs\_DA_RICOLLOCARE\trofei\Trofeo_Demonio_28c6e2dc28744fe3.json","28c6e2dc28744fe3"
"E:\AntigravitiProgetti\CompendioTheWitcher\_tools\src-packs\_DA_RICOLLOCARE\trofei\Trofeo_Elementale_2595fc12d1dd4c0c.json","2595fc12d1dd4c0c"
"E:\AntigravitiProgetti\CompendioTheWitcher\_tools\src-packs\_DA_RICOLLOCARE\trofei\Trofeo_Elementale_97a3d63632854a98.json","97a3d63632854a98"
"E:\AntigravitiProgetti\CompendioTheWitcher\_tools\src-packs\_DA_RICOLLOCARE\trofei\Trofeo_Elementale_a24fd3e640b540d6.json","a24fd3e640b540d6"
"E:\AntigravitiProgetti\CompendioTheWitcher\_tools\src-packs\_DA_RICOLLOCARE\trofei\Trofeo_Fenice_0416e34f713f47bb.json","0416e34f713f47bb"
"E:\AntigravitiProgetti\CompendioTheWitcher\_tools\src-packs\_DA_RICOLLOCARE\trofei\Trofeo_Foglet_9df8a6c2565045cd.json","9df8a6c2565045cd"
"E:\AntigravitiProgetti\CompendioTheWitcher\_tools\src-packs\_DA_RICOLLOCARE\trofei\Trofeo_Frightener_9f34bf6308df4db4.json","9f34bf6308df4db4"
"E:\AntigravitiProgetti\CompendioTheWitcher\_tools\src-packs\_DA_RICOLLOCARE\trofei\Trofeo_Garkain_504e89e9f5ba473c.json","504e89e9f5ba473c"
"E:\AntigravitiProgetti\CompendioTheWitcher\_tools\src-packs\_DA_RICOLLOCARE\trofei\Trofeo_Golem_70cd7a6f45e74143.json","70cd7a6f45e74143"
"E:\AntigravitiProgetti\CompendioTheWitcher\_tools\src-packs\_DA_RICOLLOCARE\trofei\Trofeo_Grifone_b9b3a184b1214ca0.json","b9b3a184b1214ca0"
"E:\AntigravitiProgetti\CompendioTheWitcher\_tools\src-packs\_DA_RICOLLOCARE\trofei\Trofeo_Hym_b6f1c7f754524480.json","b6f1c7f754524480"
"E:\AntigravitiProgetti\CompendioTheWitcher\_tools\src-packs\_DA_RICOLLOCARE\trofei\Trofeo_Immagini_74187e96cb4f4aee.json","74187e96cb4f4aee"
"E:\AntigravitiProgetti\CompendioTheWitcher\_tools\src-packs\_DA_RICOLLOCARE\trofei\Trofeo_Immagini_7c0ca396379a4320.json","7c0ca396379a4320"
"E:\AntigravitiProgetti\CompendioTheWitcher\_tools\src-packs\_DA_RICOLLOCARE\trofei\Trofeo_Katakan_6ae75b9006c44bd5.json","6ae75b9006c44bd5"
"E:\AntigravitiProgetti\CompendioTheWitcher\_tools\src-packs\_DA_RICOLLOCARE\trofei\Trofeo_Leshen_5563748bcd424f45.json","5563748bcd424f45"
"E:\AntigravitiProgetti\CompendioTheWitcher\_tools\src-packs\_DA_RICOLLOCARE\trofei\Trofeo_Lupo_bd46c7c039fd4be3.json","bd46c7c039fd4be3"
"E:\AntigravitiProgetti\CompendioTheWitcher\_tools\src-packs\_DA_RICOLLOCARE\trofei\Trofeo_Manticora_55da7fb072ac4206.json","55da7fb072ac4206"
"E:\AntigravitiProgetti\CompendioTheWitcher\_tools\src-packs\_DA_RICOLLOCARE\trofei\Trofeo_Orso_9665b84d88a34a5d.json","9665b84d88a34a5d"
"E:\AntigravitiProgetti\CompendioTheWitcher\_tools\src-packs\_DA_RICOLLOCARE\trofei\Trofeo_Pantera_32ab59706dee4ee7.json","32ab59706dee4ee7"
"E:\AntigravitiProgetti\CompendioTheWitcher\_tools\src-packs\_DA_RICOLLOCARE\trofei\Trofeo_Pesta_c92f2cb5cc4040f4.json","c92f2cb5cc4040f4"
"E:\AntigravitiProgetti\CompendioTheWitcher\_tools\src-packs\_DA_RICOLLOCARE\trofei\Trofeo_Scaltrocertola_e22f4aae08a44702.json","e22f4aae08a44702"
"E:\AntigravitiProgetti\CompendioTheWitcher\_tools\src-packs\_DA_RICOLLOCARE\trofei\Trofeo_Shaelmaar_f8f74feed6804447.json","f8f74feed6804447"
"E:\AntigravitiProgetti\CompendioTheWitcher\_tools\src-packs\_DA_RICOLLOCARE\trofei\Trofeo_Strega_6ac97cfc395645bd.json","6ac97cfc395645bd"
"E:\AntigravitiProgetti\CompendioTheWitcher\_tools\src-packs\_DA_RICOLLOCARE\trofei\Trofeo_Succube_12e890dc61674d19.json","12e890dc61674d19"
"E:\AntigravitiProgetti\CompendioTheWitcher\_tools\src-packs\_DA_RICOLLOCARE\trofei\Trofeo_Troll_8e677a18869d4d9d.json","8e677a18869d4d9d"
"E:\AntigravitiProgetti\CompendioTheWitcher\_tools\src-packs\_DA_RICOLLOCARE\trofei\Trofeo_Troll_d15fe0a1b3d24ffc.json","d15fe0a1b3d24ffc"
"E:\AntigravitiProgetti\CompendioTheWitcher\_tools\src-packs\_DA_RICOLLOCARE\trofei\Trofeo_Vendigo_ccd295f49aa74426.json","ccd295f49aa74426"
"E:\AntigravitiProgetti\CompendioTheWitcher\_tools\src-packs\_DA_RICOLLOCARE\trofei\Trofeo_Viverna_48c424906a494fd8.json","48c424906a494fd8"
"E:\AntigravitiProgetti\CompendioTheWitcher\_tools\src-packs\_DA_RICOLLOCARE\trofei\Trofeo_Wraith_7c311f43ccaf4f36.json","7c311f43ccaf4f36"
